C:\Users\Lenovo\Desktop\New folder\IMG\center_2019_07_18_12_23_11_922.jpg,C:\Users\Lenovo\Desktop\New folder\IMG\left_2019_07_18_12_23_11_922.jpg,C:\Users\Lenovo\Desktop\New folder\IMG\right_2019_07_18_12_23_11_922.jpg,0,0,0,6.287369
C:\Users\Lenovo\Desktop\New folder\IMG\center_2019_07_18_12_23_11_990.jpg,C:\Users\Lenovo\Desktop\New folder\IMG\left_2019_07_18_12_23_11_990.jpg,C:\Users\Lenovo\Desktop\New folder\IMG\right_2019_07_18_12_23_11_990.jpg,0,0,0,6.249432
C:\Users\Lenovo\Desktop\New folder\IMG\center_2019_07_18_12_23_12_059.jpg,C:\Users\Lenovo\Desktop\New folder\IMG\left_2019_07_18_12_23_12_059.jpg,C:\Users\Lenovo\Desktop\New folder\IMG\right_2019_07_18_12_23_12_059.jpg,0,0,0,6.199206
C:\Users\Lenovo\Desktop\New folder\IMG\center_2019_07_18_12_23_12_128.jpg,C:\Users\Lenovo\Desktop\New folder\IMG\left_2019_07_18_12_23_12_128.jpg,C:\Users\Lenovo\Desktop\New folder\IMG\right_2019_07_18_12_23_12_128.jpg,0,0,0,6.161802
C:\Users\Lenovo\Desktop\New folder\IMG\center_2019_07_18_12_23_12_196.jpg,C:\Users\Lenovo\Desktop\New folder\IMG\left_2019_07_18_12_23_12_196.jpg,C:\Users\Lenovo\Desktop\New folder\IMG\right_2019_07_18_12_23_12_196.jpg,0,0,0,6.11228
C:\Users\Lenovo\Desktop\New folder\IMG\center_2019_07_18_12_23_12_267.jpg,C:\Users\Lenovo\Desktop\New folder\IMG\left_2019_07_18_12_23_12_267.jpg,C:\Users\Lenovo\Desktop\New folder\IMG\right_2019_07_18_12_23_12_267.jpg,0,0,0,6.0754
C:\Users\Lenovo\Desktop\New folder\IMG\center_2019_07_18_12_23_12_336.jpg,C:\Users\Lenovo\Desktop\New folder\IMG\left_2019_07_18_12_23_12_336.jpg,C:\Users\Lenovo\Desktop\New folder\IMG\right_2019_07_18_12_23_12_336.jpg,0,0,0,6.026574
C:\Users\Lenovo\Desktop\New folder\IMG\center_2019_07_18_12_23_12_403.jpg,C:\Users\Lenovo\Desktop\New folder\IMG\left_2019_07_18_12_23_12_403.jpg,C:\Users\Lenovo\Desktop\New folder\IMG\right_2019_07_18_12_23_12_403.jpg,0,0,0,5.990211
C:\Users\Lenovo\Desktop\New folder\IMG\center_2019_07_18_12_23_12_472.jpg,C:\Users\Lenovo\Desktop\New folder\IMG\left_2019_07_18_12_23_12_472.jpg,C:\Users\Lenovo\Desktop\New folder\IMG\right_2019_07_18_12_23_12_472.jpg,0,0,0,5.954068
C:\Users\Lenovo\Desktop\New folder\IMG\center_2019_07_18_12_23_12_541.jpg,C:\Users\Lenovo\Desktop\New folder\IMG\left_2019_07_18_12_23_12_541.jpg,C:\Users\Lenovo\Desktop\New folder\IMG\right_2019_07_18_12_23_12_541.jpg,0,0,0,5.906216
C:\Users\Lenovo\Desktop\New folder\IMG\center_2019_07_18_12_24_12_006.jpg,C:\Users\Lenovo\Desktop\New folder\IMG\left_2019_07_18_12_24_12_006.jpg,C:\Users\Lenovo\Desktop\New folder\IMG\right_2019_07_18_12_24_12_006.jpg,0,0,0,8.918123E-06
C:\Users\Lenovo\Desktop\New folder\IMG\center_2019_07_18_12_24_12_073.jpg,C:\Users\Lenovo\Desktop\New folder\IMG\left_2019_07_18_12_24_12_073.jpg,C:\Users\Lenovo\Desktop\New folder\IMG\right_2019_07_18_12_24_12_073.jpg,0,0,0,7.75407E-06
C:\Users\Lenovo\Desktop\New folder\IMG\center_2019_07_18_12_24_12_143.jpg,C:\Users\Lenovo\Desktop\New folder\IMG\left_2019_07_18_12_24_12_143.jpg,C:\Users\Lenovo\Desktop\New folder\IMG\right_2019_07_18_12_24_12_143.jpg,0,0,0,7.060831E-06
C:\Users\Lenovo\Desktop\New folder\IMG\center_2019_07_18_12_24_12_211.jpg,C:\Users\Lenovo\Desktop\New folder\IMG\left_2019_07_18_12_24_12_211.jpg,C:\Users\Lenovo\Desktop\New folder\IMG\right_2019_07_18_12_24_12_211.jpg,0,0,0,3.107577E-06
C:\Users\Lenovo\Desktop\New folder\IMG\center_2019_07_18_12_24_12_278.jpg,C:\Users\Lenovo\Desktop\New folder\IMG\left_2019_07_18_12_24_12_278.jpg,C:\Users\Lenovo\Desktop\New folder\IMG\right_2019_07_18_12_24_12_278.jpg,0,0,0,8.854508E-06
C:\Users\Lenovo\Desktop\New folder\IMG\center_2019_07_18_12_24_12_349.jpg,C:\Users\Lenovo\Desktop\New folder\IMG\left_2019_07_18_12_24_12_349.jpg,C:\Users\Lenovo\Desktop\New folder\IMG\right_2019_07_18_12_24_12_349.jpg,0,0,0,7.460827E-06
C:\Users\Lenovo\Desktop\New folder\IMG\center_2019_07_18_12_24_12_419.jpg,C:\Users\Lenovo\Desktop\New folder\IMG\left_2019_07_18_12_24_12_419.jpg,C:\Users\Lenovo\Desktop\New folder\IMG\right_2019_07_18_12_24_12_419.jpg,0,0,0,6.096558E-06
C:\Users\Lenovo\Desktop\New folder\IMG\center_2019_07_18_12_24_12_488.jpg,C:\Users\Lenovo\Desktop\New folder\IMG\left_2019_07_18_12_24_12_488.jpg,C:\Users\Lenovo\Desktop\New folder\IMG\right_2019_07_18_12_24_12_488.jpg,0,0,0,1.566553E-05
C:\Users\Lenovo\Desktop\New folder\IMG\center_2019_07_18_12_24_12_557.jpg,C:\Users\Lenovo\Desktop\New folder\IMG\left_2019_07_18_12_24_12_557.jpg,C:\Users\Lenovo\Desktop\New folder\IMG\right_2019_07_18_12_24_12_557.jpg,0,0,0,4.034372E-06
C:\Users\Lenovo\Desktop\New folder\IMG\center_2019_07_18_12_24_12_626.jpg,C:\Users\Lenovo\Desktop\New folder\IMG\left_2019_07_18_12_24_12_626.jpg,C:\Users\Lenovo\Desktop\New folder\IMG\right_2019_07_18_12_24_12_626.jpg,0,0,0,1.058158E-05
C:\Users\Lenovo\Desktop\New folder\IMG\center_2019_07_18_12_24_12_692.jpg,C:\Users\Lenovo\Desktop\New folder\IMG\left_2019_07_18_12_24_12_692.jpg,C:\Users\Lenovo\Desktop\New folder\IMG\right_2019_07_18_12_24_12_692.jpg,0,0,0,8.618618E-06
C:\Users\Lenovo\Desktop\New folder\IMG\center_2019_07_18_12_24_12_761.jpg,C:\Users\Lenovo\Desktop\New folder\IMG\left_2019_07_18_12_24_12_761.jpg,C:\Users\Lenovo\Desktop\New folder\IMG\right_2019_07_18_12_24_12_761.jpg,0,0,0,9.791263E-07
C:\Users\Lenovo\Desktop\New folder\IMG\center_2019_07_18_12_24_12_828.jpg,C:\Users\Lenovo\Desktop\New folder\IMG\left_2019_07_18_12_24_12_828.jpg,C:\Users\Lenovo\Desktop\New folder\IMG\right_2019_07_18_12_24_12_828.jpg,0,0,0,1.766282E-05
C:\Users\Lenovo\Desktop\New folder\IMG\center_2019_07_18_12_24_12_899.jpg,C:\Users\Lenovo\Desktop\New folder\IMG\left_2019_07_18_12_24_12_899.jpg,C:\Users\Lenovo\Desktop\New folder\IMG\right_2019_07_18_12_24_12_899.jpg,0,0,0,4.00555E-06
C:\Users\Lenovo\Desktop\New folder\IMG\center_2019_07_18_12_24_12_966.jpg,C:\Users\Lenovo\Desktop\New folder\IMG\left_2019_07_18_12_24_12_966.jpg,C:\Users\Lenovo\Desktop\New folder\IMG\right_2019_07_18_12_24_12_966.jpg,0,0,0,3.996086E-06
C:\Users\Lenovo\Desktop\New folder\IMG\center_2019_07_18_12_24_13_035.jpg,C:\Users\Lenovo\Desktop\New folder\IMG\left_2019_07_18_12_24_13_035.jpg,C:\Users\Lenovo\Desktop\New folder\IMG\right_2019_07_18_12_24_13_035.jpg,0,0,0,6.793848E-06
C:\Users\Lenovo\Desktop\New folder\IMG\center_2019_07_18_12_24_13_104.jpg,C:\Users\Lenovo\Desktop\New folder\IMG\left_2019_07_18_12_24_13_104.jpg,C:\Users\Lenovo\Desktop\New folder\IMG\right_2019_07_18_12_24_13_104.jpg,0,0,0,2.078806E-05
C:\Users\Lenovo\Desktop\New folder\IMG\center_2019_07_18_12_24_13_172.jpg,C:\Users\Lenovo\Desktop\New folder\IMG\left_2019_07_18_12_24_13_172.jpg,C:\Users\Lenovo\Desktop\New folder\IMG\right_2019_07_18_12_24_13_172.jpg,0,0,0,1.257372E-05
C:\Users\Lenovo\Desktop\New folder\IMG\center_2019_07_18_12_24_13_240.jpg,C:\Users\Lenovo\Desktop\New folder\IMG\left_2019_07_18_12_24_13_240.jpg,C:\Users\Lenovo\Desktop\New folder\IMG\right_2019_07_18_12_24_13_240.jpg,0,0,0,5.940099E-06
C:\Users\Lenovo\Desktop\New folder\IMG\center_2019_07_18_12_24_13_308.jpg,C:\Users\Lenovo\Desktop\New folder\IMG\left_2019_07_18_12_24_13_308.jpg,C:\Users\Lenovo\Desktop\New folder\IMG\right_2019_07_18_12_24_13_308.jpg,0,0,0,2.29584E-05
C:\Users\Lenovo\Desktop\New folder\IMG\center_2019_07_18_12_24_13_376.jpg,C:\Users\Lenovo\Desktop\New folder\IMG\left_2019_07_18_12_24_13_376.jpg,C:\Users\Lenovo\Desktop\New folder\IMG\right_2019_07_18_12_24_13_376.jpg,0,0,0,1.135431E-06
C:\Users\Lenovo\Desktop\New folder\IMG\center_2019_07_18_12_24_13_444.jpg,C:\Users\Lenovo\Desktop\New folder\IMG\left_2019_07_18_12_24_13_444.jpg,C:\Users\Lenovo\Desktop\New folder\IMG\right_2019_07_18_12_24_13_444.jpg,0,0,0,1.005821E-05
C:\Users\Lenovo\Desktop\New folder\IMG\center_2019_07_18_12_24_13_513.jpg,C:\Users\Lenovo\Desktop\New folder\IMG\left_2019_07_18_12_24_13_513.jpg,C:\Users\Lenovo\Desktop\New folder\IMG\right_2019_07_18_12_24_13_513.jpg,0,0,0,1.145025E-05
C:\Users\Lenovo\Desktop\New folder\IMG\center_2019_07_18_12_24_13_581.jpg,C:\Users\Lenovo\Desktop\New folder\IMG\left_2019_07_18_12_24_13_581.jpg,C:\Users\Lenovo\Desktop\New folder\IMG\right_2019_07_18_12_24_13_581.jpg,0,0,0,3.750933E-06
C:\Users\Lenovo\Desktop\New folder\IMG\center_2019_07_18_12_24_13_650.jpg,C:\Users\Lenovo\Desktop\New folder\IMG\left_2019_07_18_12_24_13_650.jpg,C:\Users\Lenovo\Desktop\New folder\IMG\right_2019_07_18_12_24_13_650.jpg,0,0.1368431,0,0.05703329
C:\Users\Lenovo\Desktop\New folder\IMG\center_2019_07_18_12_24_13_718.jpg,C:\Users\Lenovo\Desktop\New folder\IMG\left_2019_07_18_12_24_13_718.jpg,C:\Users\Lenovo\Desktop\New folder\IMG\right_2019_07_18_12_24_13_718.jpg,0,0.3774746,0,0.3320921
C:\Users\Lenovo\Desktop\New folder\IMG\center_2019_07_18_12_24_13_786.jpg,C:\Users\Lenovo\Desktop\New folder\IMG\left_2019_07_18_12_24_13_786.jpg,C:\Users\Lenovo\Desktop\New folder\IMG\right_2019_07_18_12_24_13_786.jpg,0,0.557364,0,0.6528915
C:\Users\Lenovo\Desktop\New folder\IMG\center_2019_07_18_12_24_13_856.jpg,C:\Users\Lenovo\Desktop\New folder\IMG\left_2019_07_18_12_24_13_856.jpg,C:\Users\Lenovo\Desktop\New folder\IMG\right_2019_07_18_12_24_13_856.jpg,0,0.744565,0,1.129007
C:\Users\Lenovo\Desktop\New folder\IMG\center_2019_07_18_12_24_13_925.jpg,C:\Users\Lenovo\Desktop\New folder\IMG\left_2019_07_18_12_24_13_925.jpg,C:\Users\Lenovo\Desktop\New folder\IMG\right_2019_07_18_12_24_13_925.jpg,0,0.9849184,0,1.98109
C:\Users\Lenovo\Desktop\New folder\IMG\center_2019_07_18_12_24_13_994.jpg,C:\Users\Lenovo\Desktop\New folder\IMG\left_2019_07_18_12_24_13_994.jpg,C:\Users\Lenovo\Desktop\New folder\IMG\right_2019_07_18_12_24_13_994.jpg,0,1,0,2.657099
C:\Users\Lenovo\Desktop\New folder\IMG\center_2019_07_18_12_24_14_064.jpg,C:\Users\Lenovo\Desktop\New folder\IMG\left_2019_07_18_12_24_14_064.jpg,C:\Users\Lenovo\Desktop\New folder\IMG\right_2019_07_18_12_24_14_064.jpg,0,1,0,3.590485
C:\Users\Lenovo\Desktop\New folder\IMG\center_2019_07_18_12_24_14_131.jpg,C:\Users\Lenovo\Desktop\New folder\IMG\left_2019_07_18_12_24_14_131.jpg,C:\Users\Lenovo\Desktop\New folder\IMG\right_2019_07_18_12_24_14_131.jpg,-0.1,1,0,4.293701
C:\Users\Lenovo\Desktop\New folder\IMG\center_2019_07_18_12_24_14_201.jpg,C:\Users\Lenovo\Desktop\New folder\IMG\left_2019_07_18_12_24_14_201.jpg,C:\Users\Lenovo\Desktop\New folder\IMG\right_2019_07_18_12_24_14_201.jpg,-0.3,1,0,5.211964
C:\Users\Lenovo\Desktop\New folder\IMG\center_2019_07_18_12_24_14_268.jpg,C:\Users\Lenovo\Desktop\New folder\IMG\left_2019_07_18_12_24_14_268.jpg,C:\Users\Lenovo\Desktop\New folder\IMG\right_2019_07_18_12_24_14_268.jpg,-0.45,1,0,5.885417
C:\Users\Lenovo\Desktop\New folder\IMG\center_2019_07_18_12_24_14_336.jpg,C:\Users\Lenovo\Desktop\New folder\IMG\left_2019_07_18_12_24_14_336.jpg,C:\Users\Lenovo\Desktop\New folder\IMG\right_2019_07_18_12_24_14_336.jpg,-0.6000001,0.953204,0,6.535059
C:\Users\Lenovo\Desktop\New folder\IMG\center_2019_07_18_12_24_14_403.jpg,C:\Users\Lenovo\Desktop\New folder\IMG\left_2019_07_18_12_24_14_403.jpg,C:\Users\Lenovo\Desktop\New folder\IMG\right_2019_07_18_12_24_14_403.jpg,0,0.717795,0,7.214352
C:\Users\Lenovo\Desktop\New folder\IMG\center_2019_07_18_12_24_14_473.jpg,C:\Users\Lenovo\Desktop\New folder\IMG\left_2019_07_18_12_24_14_473.jpg,C:\Users\Lenovo\Desktop\New folder\IMG\right_2019_07_18_12_24_14_473.jpg,0,0.5295386,0,7.607114
C:\Users\Lenovo\Desktop\New folder\IMG\center_2019_07_18_12_24_14_542.jpg,C:\Users\Lenovo\Desktop\New folder\IMG\left_2019_07_18_12_24_14_542.jpg,C:\Users\Lenovo\Desktop\New folder\IMG\right_2019_07_18_12_24_14_542.jpg,0,0.2999117,0,7.933004
C:\Users\Lenovo\Desktop\New folder\IMG\center_2019_07_18_12_24_14_612.jpg,C:\Users\Lenovo\Desktop\New folder\IMG\left_2019_07_18_12_24_14_612.jpg,C:\Users\Lenovo\Desktop\New folder\IMG\right_2019_07_18_12_24_14_612.jpg,-0.1,0.1140907,0,8.021629
C:\Users\Lenovo\Desktop\New folder\IMG\center_2019_07_18_12_24_14_681.jpg,C:\Users\Lenovo\Desktop\New folder\IMG\left_2019_07_18_12_24_14_681.jpg,C:\Users\Lenovo\Desktop\New folder\IMG\right_2019_07_18_12_24_14_681.jpg,-0.3,0,0,7.958223
C:\Users\Lenovo\Desktop\New folder\IMG\center_2019_07_18_12_24_14_748.jpg,C:\Users\Lenovo\Desktop\New folder\IMG\left_2019_07_18_12_24_14_748.jpg,C:\Users\Lenovo\Desktop\New folder\IMG\right_2019_07_18_12_24_14_748.jpg,-0.45,0,0,7.880501
C:\Users\Lenovo\Desktop\New folder\IMG\center_2019_07_18_12_24_14_815.jpg,C:\Users\Lenovo\Desktop\New folder\IMG\left_2019_07_18_12_24_14_815.jpg,C:\Users\Lenovo\Desktop\New folder\IMG\right_2019_07_18_12_24_14_815.jpg,-0.6000001,0,0,7.792787
C:\Users\Lenovo\Desktop\New folder\IMG\center_2019_07_18_12_24_14_883.jpg,C:\Users\Lenovo\Desktop\New folder\IMG\left_2019_07_18_12_24_14_883.jpg,C:\Users\Lenovo\Desktop\New folder\IMG\right_2019_07_18_12_24_14_883.jpg,-0.8000001,0,0,7.660691
C:\Users\Lenovo\Desktop\New folder\IMG\center_2019_07_18_12_24_14_950.jpg,C:\Users\Lenovo\Desktop\New folder\IMG\left_2019_07_18_12_24_14_950.jpg,C:\Users\Lenovo\Desktop\New folder\IMG\right_2019_07_18_12_24_14_950.jpg,-0.9500002,0,0,7.548964
C:\Users\Lenovo\Desktop\New folder\IMG\center_2019_07_18_12_24_15_021.jpg,C:\Users\Lenovo\Desktop\New folder\IMG\left_2019_07_18_12_24_15_021.jpg,C:\Users\Lenovo\Desktop\New folder\IMG\right_2019_07_18_12_24_15_021.jpg,-1,0,0,7.418246
C:\Users\Lenovo\Desktop\New folder\IMG\center_2019_07_18_12_24_15_090.jpg,C:\Users\Lenovo\Desktop\New folder\IMG\left_2019_07_18_12_24_15_090.jpg,C:\Users\Lenovo\Desktop\New folder\IMG\right_2019_07_18_12_24_15_090.jpg,0,0,0,7.236138
C:\Users\Lenovo\Desktop\New folder\IMG\center_2019_07_18_12_24_15_158.jpg,C:\Users\Lenovo\Desktop\New folder\IMG\left_2019_07_18_12_24_15_158.jpg,C:\Users\Lenovo\Desktop\New folder\IMG\right_2019_07_18_12_24_15_158.jpg,0,0,0,7.140201
C:\Users\Lenovo\Desktop\New folder\IMG\center_2019_07_18_12_24_15_228.jpg,C:\Users\Lenovo\Desktop\New folder\IMG\left_2019_07_18_12_24_15_228.jpg,C:\Users\Lenovo\Desktop\New folder\IMG\right_2019_07_18_12_24_15_228.jpg,0,0,0,7.095391
C:\Users\Lenovo\Desktop\New folder\IMG\center_2019_07_18_12_24_15_295.jpg,C:\Users\Lenovo\Desktop\New folder\IMG\left_2019_07_18_12_24_15_295.jpg,C:\Users\Lenovo\Desktop\New folder\IMG\right_2019_07_18_12_24_15_295.jpg,0,0,0,7.052361
C:\Users\Lenovo\Desktop\New folder\IMG\center_2019_07_18_12_24_15_365.jpg,C:\Users\Lenovo\Desktop\New folder\IMG\left_2019_07_18_12_24_15_365.jpg,C:\Users\Lenovo\Desktop\New folder\IMG\right_2019_07_18_12_24_15_365.jpg,0,0,0,6.995467
C:\Users\Lenovo\Desktop\New folder\IMG\center_2019_07_18_12_24_15_434.jpg,C:\Users\Lenovo\Desktop\New folder\IMG\left_2019_07_18_12_24_15_434.jpg,C:\Users\Lenovo\Desktop\New folder\IMG\right_2019_07_18_12_24_15_434.jpg,0,0.1465745,0,7.012452
C:\Users\Lenovo\Desktop\New folder\IMG\center_2019_07_18_12_24_15_504.jpg,C:\Users\Lenovo\Desktop\New folder\IMG\left_2019_07_18_12_24_15_504.jpg,C:\Users\Lenovo\Desktop\New folder\IMG\right_2019_07_18_12_24_15_504.jpg,0,0.3893034,0,7.234623
C:\Users\Lenovo\Desktop\New folder\IMG\center_2019_07_18_12_24_15_572.jpg,C:\Users\Lenovo\Desktop\New folder\IMG\left_2019_07_18_12_24_15_572.jpg,C:\Users\Lenovo\Desktop\New folder\IMG\right_2019_07_18_12_24_15_572.jpg,0,0.5735824,0,7.553637
C:\Users\Lenovo\Desktop\New folder\IMG\center_2019_07_18_12_24_15_642.jpg,C:\Users\Lenovo\Desktop\New folder\IMG\left_2019_07_18_12_24_15_642.jpg,C:\Users\Lenovo\Desktop\New folder\IMG\right_2019_07_18_12_24_15_642.jpg,0,0.8065466,0,8.176923
C:\Users\Lenovo\Desktop\New folder\IMG\center_2019_07_18_12_24_15_710.jpg,C:\Users\Lenovo\Desktop\New folder\IMG\left_2019_07_18_12_24_15_710.jpg,C:\Users\Lenovo\Desktop\New folder\IMG\right_2019_07_18_12_24_15_710.jpg,0,0.9957963,0,8.793201
C:\Users\Lenovo\Desktop\New folder\IMG\center_2019_07_18_12_24_15_779.jpg,C:\Users\Lenovo\Desktop\New folder\IMG\left_2019_07_18_12_24_15_779.jpg,C:\Users\Lenovo\Desktop\New folder\IMG\right_2019_07_18_12_24_15_779.jpg,0,1,0,9.689126
C:\Users\Lenovo\Desktop\New folder\IMG\center_2019_07_18_12_24_15_849.jpg,C:\Users\Lenovo\Desktop\New folder\IMG\left_2019_07_18_12_24_15_849.jpg,C:\Users\Lenovo\Desktop\New folder\IMG\right_2019_07_18_12_24_15_849.jpg,-0.1,1,0,10.35436
C:\Users\Lenovo\Desktop\New folder\IMG\center_2019_07_18_12_24_15_917.jpg,C:\Users\Lenovo\Desktop\New folder\IMG\left_2019_07_18_12_24_15_917.jpg,C:\Users\Lenovo\Desktop\New folder\IMG\right_2019_07_18_12_24_15_917.jpg,-0.25,1,0,11.00109
C:\Users\Lenovo\Desktop\New folder\IMG\center_2019_07_18_12_24_15_988.jpg,C:\Users\Lenovo\Desktop\New folder\IMG\left_2019_07_18_12_24_15_988.jpg,C:\Users\Lenovo\Desktop\New folder\IMG\right_2019_07_18_12_24_15_988.jpg,-0.45,1,0,11.92869
C:\Users\Lenovo\Desktop\New folder\IMG\center_2019_07_18_12_24_16_058.jpg,C:\Users\Lenovo\Desktop\New folder\IMG\left_2019_07_18_12_24_16_058.jpg,C:\Users\Lenovo\Desktop\New folder\IMG\right_2019_07_18_12_24_16_058.jpg,-0.6000001,1,0,12.24998
C:\Users\Lenovo\Desktop\New folder\IMG\center_2019_07_18_12_24_16_125.jpg,C:\Users\Lenovo\Desktop\New folder\IMG\left_2019_07_18_12_24_16_125.jpg,C:\Users\Lenovo\Desktop\New folder\IMG\right_2019_07_18_12_24_16_125.jpg,0,1,0,13.07657
C:\Users\Lenovo\Desktop\New folder\IMG\center_2019_07_18_12_24_16_191.jpg,C:\Users\Lenovo\Desktop\New folder\IMG\left_2019_07_18_12_24_16_191.jpg,C:\Users\Lenovo\Desktop\New folder\IMG\right_2019_07_18_12_24_16_191.jpg,0,1,0,13.82256
C:\Users\Lenovo\Desktop\New folder\IMG\center_2019_07_18_12_24_16_261.jpg,C:\Users\Lenovo\Desktop\New folder\IMG\left_2019_07_18_12_24_16_261.jpg,C:\Users\Lenovo\Desktop\New folder\IMG\right_2019_07_18_12_24_16_261.jpg,0,1,0,14.62761
C:\Users\Lenovo\Desktop\New folder\IMG\center_2019_07_18_12_24_16_328.jpg,C:\Users\Lenovo\Desktop\New folder\IMG\left_2019_07_18_12_24_16_328.jpg,C:\Users\Lenovo\Desktop\New folder\IMG\right_2019_07_18_12_24_16_328.jpg,0,1,0,15.18657
C:\Users\Lenovo\Desktop\New folder\IMG\center_2019_07_18_12_24_16_397.jpg,C:\Users\Lenovo\Desktop\New folder\IMG\left_2019_07_18_12_24_16_397.jpg,C:\Users\Lenovo\Desktop\New folder\IMG\right_2019_07_18_12_24_16_397.jpg,0,1,0,15.89721
C:\Users\Lenovo\Desktop\New folder\IMG\center_2019_07_18_12_24_16_467.jpg,C:\Users\Lenovo\Desktop\New folder\IMG\left_2019_07_18_12_24_16_467.jpg,C:\Users\Lenovo\Desktop\New folder\IMG\right_2019_07_18_12_24_16_467.jpg,0,1,0,16.73102
C:\Users\Lenovo\Desktop\New folder\IMG\center_2019_07_18_12_24_16_535.jpg,C:\Users\Lenovo\Desktop\New folder\IMG\left_2019_07_18_12_24_16_535.jpg,C:\Users\Lenovo\Desktop\New folder\IMG\right_2019_07_18_12_24_16_535.jpg,0,1,0,17.32129
C:\Users\Lenovo\Desktop\New folder\IMG\center_2019_07_18_12_24_16_604.jpg,C:\Users\Lenovo\Desktop\New folder\IMG\left_2019_07_18_12_24_16_604.jpg,C:\Users\Lenovo\Desktop\New folder\IMG\right_2019_07_18_12_24_16_604.jpg,0,1,0,18.16173
C:\Users\Lenovo\Desktop\New folder\IMG\center_2019_07_18_12_24_16_671.jpg,C:\Users\Lenovo\Desktop\New folder\IMG\left_2019_07_18_12_24_16_671.jpg,C:\Users\Lenovo\Desktop\New folder\IMG\right_2019_07_18_12_24_16_671.jpg,0,1,0,18.79132
C:\Users\Lenovo\Desktop\New folder\IMG\center_2019_07_18_12_24_16_740.jpg,C:\Users\Lenovo\Desktop\New folder\IMG\left_2019_07_18_12_24_16_740.jpg,C:\Users\Lenovo\Desktop\New folder\IMG\right_2019_07_18_12_24_16_740.jpg,0,1,0,19.60658
C:\Users\Lenovo\Desktop\New folder\IMG\center_2019_07_18_12_24_16_807.jpg,C:\Users\Lenovo\Desktop\New folder\IMG\left_2019_07_18_12_24_16_807.jpg,C:\Users\Lenovo\Desktop\New folder\IMG\right_2019_07_18_12_24_16_807.jpg,0,1,0,20.21754
C:\Users\Lenovo\Desktop\New folder\IMG\center_2019_07_18_12_24_16_874.jpg,C:\Users\Lenovo\Desktop\New folder\IMG\left_2019_07_18_12_24_16_874.jpg,C:\Users\Lenovo\Desktop\New folder\IMG\right_2019_07_18_12_24_16_874.jpg,0,1,0,20.81941
C:\Users\Lenovo\Desktop\New folder\IMG\center_2019_07_18_12_24_16_943.jpg,C:\Users\Lenovo\Desktop\New folder\IMG\left_2019_07_18_12_24_16_943.jpg,C:\Users\Lenovo\Desktop\New folder\IMG\right_2019_07_18_12_24_16_943.jpg,0,1,0,21.61996
C:\Users\Lenovo\Desktop\New folder\IMG\center_2019_07_18_12_24_17_010.jpg,C:\Users\Lenovo\Desktop\New folder\IMG\left_2019_07_18_12_24_17_010.jpg,C:\Users\Lenovo\Desktop\New folder\IMG\right_2019_07_18_12_24_17_010.jpg,-0.05,1,0,22.22167
C:\Users\Lenovo\Desktop\New folder\IMG\center_2019_07_18_12_24_17_078.jpg,C:\Users\Lenovo\Desktop\New folder\IMG\left_2019_07_18_12_24_17_078.jpg,C:\Users\Lenovo\Desktop\New folder\IMG\right_2019_07_18_12_24_17_078.jpg,-0.25,1,0,22.98015
C:\Users\Lenovo\Desktop\New folder\IMG\center_2019_07_18_12_24_17_146.jpg,C:\Users\Lenovo\Desktop\New folder\IMG\left_2019_07_18_12_24_17_146.jpg,C:\Users\Lenovo\Desktop\New folder\IMG\right_2019_07_18_12_24_17_146.jpg,-0.4,1,0,23.49791
C:\Users\Lenovo\Desktop\New folder\IMG\center_2019_07_18_12_24_17_215.jpg,C:\Users\Lenovo\Desktop\New folder\IMG\left_2019_07_18_12_24_17_215.jpg,C:\Users\Lenovo\Desktop\New folder\IMG\right_2019_07_18_12_24_17_215.jpg,-0.5500001,1,0,23.97694
C:\Users\Lenovo\Desktop\New folder\IMG\center_2019_07_18_12_24_17_286.jpg,C:\Users\Lenovo\Desktop\New folder\IMG\left_2019_07_18_12_24_17_286.jpg,C:\Users\Lenovo\Desktop\New folder\IMG\right_2019_07_18_12_24_17_286.jpg,0,1,0,24.66829
C:\Users\Lenovo\Desktop\New folder\IMG\center_2019_07_18_12_24_17_355.jpg,C:\Users\Lenovo\Desktop\New folder\IMG\left_2019_07_18_12_24_17_355.jpg,C:\Users\Lenovo\Desktop\New folder\IMG\right_2019_07_18_12_24_17_355.jpg,0,1,0,25.2313
C:\Users\Lenovo\Desktop\New folder\IMG\center_2019_07_18_12_24_17_425.jpg,C:\Users\Lenovo\Desktop\New folder\IMG\left_2019_07_18_12_24_17_425.jpg,C:\Users\Lenovo\Desktop\New folder\IMG\right_2019_07_18_12_24_17_425.jpg,0,1,0,25.99219
C:\Users\Lenovo\Desktop\New folder\IMG\center_2019_07_18_12_24_17_493.jpg,C:\Users\Lenovo\Desktop\New folder\IMG\left_2019_07_18_12_24_17_493.jpg,C:\Users\Lenovo\Desktop\New folder\IMG\right_2019_07_18_12_24_17_493.jpg,-0.1,1,0,26.56042
C:\Users\Lenovo\Desktop\New folder\IMG\center_2019_07_18_12_24_17_563.jpg,C:\Users\Lenovo\Desktop\New folder\IMG\left_2019_07_18_12_24_17_563.jpg,C:\Users\Lenovo\Desktop\New folder\IMG\right_2019_07_18_12_24_17_563.jpg,-0.3,1,0,27.27515
C:\Users\Lenovo\Desktop\New folder\IMG\center_2019_07_18_12_24_17_630.jpg,C:\Users\Lenovo\Desktop\New folder\IMG\left_2019_07_18_12_24_17_630.jpg,C:\Users\Lenovo\Desktop\New folder\IMG\right_2019_07_18_12_24_17_630.jpg,-0.45,1,0,27.7541
C:\Users\Lenovo\Desktop\New folder\IMG\center_2019_07_18_12_24_17_699.jpg,C:\Users\Lenovo\Desktop\New folder\IMG\left_2019_07_18_12_24_17_699.jpg,C:\Users\Lenovo\Desktop\New folder\IMG\right_2019_07_18_12_24_17_699.jpg,-0.6500001,1,0,28.30827
C:\Users\Lenovo\Desktop\New folder\IMG\center_2019_07_18_12_24_17_769.jpg,C:\Users\Lenovo\Desktop\New folder\IMG\left_2019_07_18_12_24_17_769.jpg,C:\Users\Lenovo\Desktop\New folder\IMG\right_2019_07_18_12_24_17_769.jpg,-0.8000001,1,0,28.66022
C:\Users\Lenovo\Desktop\New folder\IMG\center_2019_07_18_12_24_17_839.jpg,C:\Users\Lenovo\Desktop\New folder\IMG\left_2019_07_18_12_24_17_839.jpg,C:\Users\Lenovo\Desktop\New folder\IMG\right_2019_07_18_12_24_17_839.jpg,-1,1,0,29.05785
C:\Users\Lenovo\Desktop\New folder\IMG\center_2019_07_18_12_24_17_905.jpg,C:\Users\Lenovo\Desktop\New folder\IMG\left_2019_07_18_12_24_17_905.jpg,C:\Users\Lenovo\Desktop\New folder\IMG\right_2019_07_18_12_24_17_905.jpg,0,1,0,29.42208
C:\Users\Lenovo\Desktop\New folder\IMG\center_2019_07_18_12_24_17_974.jpg,C:\Users\Lenovo\Desktop\New folder\IMG\left_2019_07_18_12_24_17_974.jpg,C:\Users\Lenovo\Desktop\New folder\IMG\right_2019_07_18_12_24_17_974.jpg,0,1,0,29.8818
C:\Users\Lenovo\Desktop\New folder\IMG\center_2019_07_18_12_24_18_044.jpg,C:\Users\Lenovo\Desktop\New folder\IMG\left_2019_07_18_12_24_18_044.jpg,C:\Users\Lenovo\Desktop\New folder\IMG\right_2019_07_18_12_24_18_044.jpg,0,1,0,30.18269
C:\Users\Lenovo\Desktop\New folder\IMG\center_2019_07_18_12_24_18_114.jpg,C:\Users\Lenovo\Desktop\New folder\IMG\left_2019_07_18_12_24_18_114.jpg,C:\Users\Lenovo\Desktop\New folder\IMG\right_2019_07_18_12_24_18_114.jpg,0,1,0,30.18829
C:\Users\Lenovo\Desktop\New folder\IMG\center_2019_07_18_12_24_18_181.jpg,C:\Users\Lenovo\Desktop\New folder\IMG\left_2019_07_18_12_24_18_181.jpg,C:\Users\Lenovo\Desktop\New folder\IMG\right_2019_07_18_12_24_18_181.jpg,0,0.9621555,0,30.18911
C:\Users\Lenovo\Desktop\New folder\IMG\center_2019_07_18_12_24_18_249.jpg,C:\Users\Lenovo\Desktop\New folder\IMG\left_2019_07_18_12_24_18_249.jpg,C:\Users\Lenovo\Desktop\New folder\IMG\right_2019_07_18_12_24_18_249.jpg,0,0.7817531,0,30.14602
C:\Users\Lenovo\Desktop\New folder\IMG\center_2019_07_18_12_24_18_318.jpg,C:\Users\Lenovo\Desktop\New folder\IMG\left_2019_07_18_12_24_18_318.jpg,C:\Users\Lenovo\Desktop\New folder\IMG\right_2019_07_18_12_24_18_318.jpg,0,0.5501354,0,30.08446
C:\Users\Lenovo\Desktop\New folder\IMG\center_2019_07_18_12_24_18_386.jpg,C:\Users\Lenovo\Desktop\New folder\IMG\left_2019_07_18_12_24_18_386.jpg,C:\Users\Lenovo\Desktop\New folder\IMG\right_2019_07_18_12_24_18_386.jpg,0.15,0.3599649,0,30.03341
C:\Users\Lenovo\Desktop\New folder\IMG\center_2019_07_18_12_24_18_457.jpg,C:\Users\Lenovo\Desktop\New folder\IMG\left_2019_07_18_12_24_18_457.jpg,C:\Users\Lenovo\Desktop\New folder\IMG\right_2019_07_18_12_24_18_457.jpg,0.3,0.1777518,0,29.96652
C:\Users\Lenovo\Desktop\New folder\IMG\center_2019_07_18_12_24_18_526.jpg,C:\Users\Lenovo\Desktop\New folder\IMG\left_2019_07_18_12_24_18_526.jpg,C:\Users\Lenovo\Desktop\New folder\IMG\right_2019_07_18_12_24_18_526.jpg,0.5000001,0,0,29.66091
C:\Users\Lenovo\Desktop\New folder\IMG\center_2019_07_18_12_24_18_596.jpg,C:\Users\Lenovo\Desktop\New folder\IMG\left_2019_07_18_12_24_18_596.jpg,C:\Users\Lenovo\Desktop\New folder\IMG\right_2019_07_18_12_24_18_596.jpg,0.6500001,0,0,29.32032
C:\Users\Lenovo\Desktop\New folder\IMG\center_2019_07_18_12_24_18_665.jpg,C:\Users\Lenovo\Desktop\New folder\IMG\left_2019_07_18_12_24_18_665.jpg,C:\Users\Lenovo\Desktop\New folder\IMG\right_2019_07_18_12_24_18_665.jpg,0.8500001,0,0,28.79451
C:\Users\Lenovo\Desktop\New folder\IMG\center_2019_07_18_12_24_18_736.jpg,C:\Users\Lenovo\Desktop\New folder\IMG\left_2019_07_18_12_24_18_736.jpg,C:\Users\Lenovo\Desktop\New folder\IMG\right_2019_07_18_12_24_18_736.jpg,0,0,0,28.55456
C:\Users\Lenovo\Desktop\New folder\IMG\center_2019_07_18_12_24_18_803.jpg,C:\Users\Lenovo\Desktop\New folder\IMG\left_2019_07_18_12_24_18_803.jpg,C:\Users\Lenovo\Desktop\New folder\IMG\right_2019_07_18_12_24_18_803.jpg,0,0,0,28.29218
C:\Users\Lenovo\Desktop\New folder\IMG\center_2019_07_18_12_24_18_874.jpg,C:\Users\Lenovo\Desktop\New folder\IMG\left_2019_07_18_12_24_18_874.jpg,C:\Users\Lenovo\Desktop\New folder\IMG\right_2019_07_18_12_24_18_874.jpg,0,0,0,28.11547
C:\Users\Lenovo\Desktop\New folder\IMG\center_2019_07_18_12_24_18_942.jpg,C:\Users\Lenovo\Desktop\New folder\IMG\left_2019_07_18_12_24_18_942.jpg,C:\Users\Lenovo\Desktop\New folder\IMG\right_2019_07_18_12_24_18_942.jpg,0,0,0,27.88824
C:\Users\Lenovo\Desktop\New folder\IMG\center_2019_07_18_12_24_19_012.jpg,C:\Users\Lenovo\Desktop\New folder\IMG\left_2019_07_18_12_24_19_012.jpg,C:\Users\Lenovo\Desktop\New folder\IMG\right_2019_07_18_12_24_19_012.jpg,0,0,0,27.72035
C:\Users\Lenovo\Desktop\New folder\IMG\center_2019_07_18_12_24_19_082.jpg,C:\Users\Lenovo\Desktop\New folder\IMG\left_2019_07_18_12_24_19_082.jpg,C:\Users\Lenovo\Desktop\New folder\IMG\right_2019_07_18_12_24_19_082.jpg,-0.2,0,0,27.47491
C:\Users\Lenovo\Desktop\New folder\IMG\center_2019_07_18_12_24_19_150.jpg,C:\Users\Lenovo\Desktop\New folder\IMG\left_2019_07_18_12_24_19_150.jpg,C:\Users\Lenovo\Desktop\New folder\IMG\right_2019_07_18_12_24_19_150.jpg,-0.35,0,0,27.24732
C:\Users\Lenovo\Desktop\New folder\IMG\center_2019_07_18_12_24_19_219.jpg,C:\Users\Lenovo\Desktop\New folder\IMG\left_2019_07_18_12_24_19_219.jpg,C:\Users\Lenovo\Desktop\New folder\IMG\right_2019_07_18_12_24_19_219.jpg,-0.5500001,0,0,26.87256
C:\Users\Lenovo\Desktop\New folder\IMG\center_2019_07_18_12_24_19_290.jpg,C:\Users\Lenovo\Desktop\New folder\IMG\left_2019_07_18_12_24_19_290.jpg,C:\Users\Lenovo\Desktop\New folder\IMG\right_2019_07_18_12_24_19_290.jpg,-0.7,0,0,26.53866
C:\Users\Lenovo\Desktop\New folder\IMG\center_2019_07_18_12_24_19_358.jpg,C:\Users\Lenovo\Desktop\New folder\IMG\left_2019_07_18_12_24_19_358.jpg,C:\Users\Lenovo\Desktop\New folder\IMG\right_2019_07_18_12_24_19_358.jpg,0,0,0,26.20501
C:\Users\Lenovo\Desktop\New folder\IMG\center_2019_07_18_12_24_19_427.jpg,C:\Users\Lenovo\Desktop\New folder\IMG\left_2019_07_18_12_24_19_427.jpg,C:\Users\Lenovo\Desktop\New folder\IMG\right_2019_07_18_12_24_19_427.jpg,0,0,0,26.02581
C:\Users\Lenovo\Desktop\New folder\IMG\center_2019_07_18_12_24_19_498.jpg,C:\Users\Lenovo\Desktop\New folder\IMG\left_2019_07_18_12_24_19_498.jpg,C:\Users\Lenovo\Desktop\New folder\IMG\right_2019_07_18_12_24_19_498.jpg,0,0,0,25.86413
C:\Users\Lenovo\Desktop\New folder\IMG\center_2019_07_18_12_24_19_567.jpg,C:\Users\Lenovo\Desktop\New folder\IMG\left_2019_07_18_12_24_19_567.jpg,C:\Users\Lenovo\Desktop\New folder\IMG\right_2019_07_18_12_24_19_567.jpg,0,0,0,25.65467
C:\Users\Lenovo\Desktop\New folder\IMG\center_2019_07_18_12_24_19_636.jpg,C:\Users\Lenovo\Desktop\New folder\IMG\left_2019_07_18_12_24_19_636.jpg,C:\Users\Lenovo\Desktop\New folder\IMG\right_2019_07_18_12_24_19_636.jpg,0,0,0,25.49984
C:\Users\Lenovo\Desktop\New folder\IMG\center_2019_07_18_12_24_19_705.jpg,C:\Users\Lenovo\Desktop\New folder\IMG\left_2019_07_18_12_24_19_705.jpg,C:\Users\Lenovo\Desktop\New folder\IMG\right_2019_07_18_12_24_19_705.jpg,0,0,0,25.29522
C:\Users\Lenovo\Desktop\New folder\IMG\center_2019_07_18_12_24_19_775.jpg,C:\Users\Lenovo\Desktop\New folder\IMG\left_2019_07_18_12_24_19_775.jpg,C:\Users\Lenovo\Desktop\New folder\IMG\right_2019_07_18_12_24_19_775.jpg,0,0.05210026,0,25.14285
C:\Users\Lenovo\Desktop\New folder\IMG\center_2019_07_18_12_24_19_842.jpg,C:\Users\Lenovo\Desktop\New folder\IMG\left_2019_07_18_12_24_19_842.jpg,C:\Users\Lenovo\Desktop\New folder\IMG\right_2019_07_18_12_24_19_842.jpg,0,0.2936841,0,25.0978
C:\Users\Lenovo\Desktop\New folder\IMG\center_2019_07_18_12_24_19_911.jpg,C:\Users\Lenovo\Desktop\New folder\IMG\left_2019_07_18_12_24_19_911.jpg,C:\Users\Lenovo\Desktop\New folder\IMG\right_2019_07_18_12_24_19_911.jpg,0,0.462354,0,25.2203
C:\Users\Lenovo\Desktop\New folder\IMG\center_2019_07_18_12_24_19_980.jpg,C:\Users\Lenovo\Desktop\New folder\IMG\left_2019_07_18_12_24_19_980.jpg,C:\Users\Lenovo\Desktop\New folder\IMG\right_2019_07_18_12_24_19_980.jpg,0,0.7083017,0,25.5782
C:\Users\Lenovo\Desktop\New folder\IMG\center_2019_07_18_12_24_20_050.jpg,C:\Users\Lenovo\Desktop\New folder\IMG\left_2019_07_18_12_24_20_050.jpg,C:\Users\Lenovo\Desktop\New folder\IMG\right_2019_07_18_12_24_20_050.jpg,0,0.8926464,0,25.99848
C:\Users\Lenovo\Desktop\New folder\IMG\center_2019_07_18_12_24_20_120.jpg,C:\Users\Lenovo\Desktop\New folder\IMG\left_2019_07_18_12_24_20_120.jpg,C:\Users\Lenovo\Desktop\New folder\IMG\right_2019_07_18_12_24_20_120.jpg,0,1,0,26.72753
C:\Users\Lenovo\Desktop\New folder\IMG\center_2019_07_18_12_24_20_188.jpg,C:\Users\Lenovo\Desktop\New folder\IMG\left_2019_07_18_12_24_20_188.jpg,C:\Users\Lenovo\Desktop\New folder\IMG\right_2019_07_18_12_24_20_188.jpg,0,1,0,27.29329
C:\Users\Lenovo\Desktop\New folder\IMG\center_2019_07_18_12_24_20_256.jpg,C:\Users\Lenovo\Desktop\New folder\IMG\left_2019_07_18_12_24_20_256.jpg,C:\Users\Lenovo\Desktop\New folder\IMG\right_2019_07_18_12_24_20_256.jpg,0,1,0,27.8546
C:\Users\Lenovo\Desktop\New folder\IMG\center_2019_07_18_12_24_20_324.jpg,C:\Users\Lenovo\Desktop\New folder\IMG\left_2019_07_18_12_24_20_324.jpg,C:\Users\Lenovo\Desktop\New folder\IMG\right_2019_07_18_12_24_20_324.jpg,-0.1,1,0,28.59485
C:\Users\Lenovo\Desktop\New folder\IMG\center_2019_07_18_12_24_20_395.jpg,C:\Users\Lenovo\Desktop\New folder\IMG\left_2019_07_18_12_24_20_395.jpg,C:\Users\Lenovo\Desktop\New folder\IMG\right_2019_07_18_12_24_20_395.jpg,-0.25,1,0,29.11749
C:\Users\Lenovo\Desktop\New folder\IMG\center_2019_07_18_12_24_20_465.jpg,C:\Users\Lenovo\Desktop\New folder\IMG\left_2019_07_18_12_24_20_465.jpg,C:\Users\Lenovo\Desktop\New folder\IMG\right_2019_07_18_12_24_20_465.jpg,-0.45,1,0,29.73728
C:\Users\Lenovo\Desktop\New folder\IMG\center_2019_07_18_12_24_20_533.jpg,C:\Users\Lenovo\Desktop\New folder\IMG\left_2019_07_18_12_24_20_533.jpg,C:\Users\Lenovo\Desktop\New folder\IMG\right_2019_07_18_12_24_20_533.jpg,-0.6000001,1,0,30.12798
C:\Users\Lenovo\Desktop\New folder\IMG\center_2019_07_18_12_24_20_601.jpg,C:\Users\Lenovo\Desktop\New folder\IMG\left_2019_07_18_12_24_20_601.jpg,C:\Users\Lenovo\Desktop\New folder\IMG\right_2019_07_18_12_24_20_601.jpg,0,1,0,30.18499
C:\Users\Lenovo\Desktop\New folder\IMG\center_2019_07_18_12_24_20_670.jpg,C:\Users\Lenovo\Desktop\New folder\IMG\left_2019_07_18_12_24_20_670.jpg,C:\Users\Lenovo\Desktop\New folder\IMG\right_2019_07_18_12_24_20_670.jpg,0,1,0,30.18881
C:\Users\Lenovo\Desktop\New folder\IMG\center_2019_07_18_12_24_20_739.jpg,C:\Users\Lenovo\Desktop\New folder\IMG\left_2019_07_18_12_24_20_739.jpg,C:\Users\Lenovo\Desktop\New folder\IMG\right_2019_07_18_12_24_20_739.jpg,0,1,0,30.18999
C:\Users\Lenovo\Desktop\New folder\IMG\center_2019_07_18_12_24_20_808.jpg,C:\Users\Lenovo\Desktop\New folder\IMG\left_2019_07_18_12_24_20_808.jpg,C:\Users\Lenovo\Desktop\New folder\IMG\right_2019_07_18_12_24_20_808.jpg,0,1,0,30.19025
C:\Users\Lenovo\Desktop\New folder\IMG\center_2019_07_18_12_24_20_875.jpg,C:\Users\Lenovo\Desktop\New folder\IMG\left_2019_07_18_12_24_20_875.jpg,C:\Users\Lenovo\Desktop\New folder\IMG\right_2019_07_18_12_24_20_875.jpg,0,1,0,30.19027
C:\Users\Lenovo\Desktop\New folder\IMG\center_2019_07_18_12_24_20_944.jpg,C:\Users\Lenovo\Desktop\New folder\IMG\left_2019_07_18_12_24_20_944.jpg,C:\Users\Lenovo\Desktop\New folder\IMG\right_2019_07_18_12_24_20_944.jpg,0,1,0,30.19012
C:\Users\Lenovo\Desktop\New folder\IMG\center_2019_07_18_12_24_21_013.jpg,C:\Users\Lenovo\Desktop\New folder\IMG\left_2019_07_18_12_24_21_013.jpg,C:\Users\Lenovo\Desktop\New folder\IMG\right_2019_07_18_12_24_21_013.jpg,0,1,0,30.19029
C:\Users\Lenovo\Desktop\New folder\IMG\center_2019_07_18_12_24_21_081.jpg,C:\Users\Lenovo\Desktop\New folder\IMG\left_2019_07_18_12_24_21_081.jpg,C:\Users\Lenovo\Desktop\New folder\IMG\right_2019_07_18_12_24_21_081.jpg,0,1,0,30.19029
C:\Users\Lenovo\Desktop\New folder\IMG\center_2019_07_18_12_24_21_150.jpg,C:\Users\Lenovo\Desktop\New folder\IMG\left_2019_07_18_12_24_21_150.jpg,C:\Users\Lenovo\Desktop\New folder\IMG\right_2019_07_18_12_24_21_150.jpg,0,1,0,30.19047
C:\Users\Lenovo\Desktop\New folder\IMG\center_2019_07_18_12_24_21_219.jpg,C:\Users\Lenovo\Desktop\New folder\IMG\left_2019_07_18_12_24_21_219.jpg,C:\Users\Lenovo\Desktop\New folder\IMG\right_2019_07_18_12_24_21_219.jpg,0,1,0,30.19032
C:\Users\Lenovo\Desktop\New folder\IMG\center_2019_07_18_12_24_21_289.jpg,C:\Users\Lenovo\Desktop\New folder\IMG\left_2019_07_18_12_24_21_289.jpg,C:\Users\Lenovo\Desktop\New folder\IMG\right_2019_07_18_12_24_21_289.jpg,0,1,0,30.19027
C:\Users\Lenovo\Desktop\New folder\IMG\center_2019_07_18_12_24_21_360.jpg,C:\Users\Lenovo\Desktop\New folder\IMG\left_2019_07_18_12_24_21_360.jpg,C:\Users\Lenovo\Desktop\New folder\IMG\right_2019_07_18_12_24_21_360.jpg,0,1,0,30.19027
C:\Users\Lenovo\Desktop\New folder\IMG\center_2019_07_18_12_24_21_428.jpg,C:\Users\Lenovo\Desktop\New folder\IMG\left_2019_07_18_12_24_21_428.jpg,C:\Users\Lenovo\Desktop\New folder\IMG\right_2019_07_18_12_24_21_428.jpg,-0.05,1,0,30.18968
C:\Users\Lenovo\Desktop\New folder\IMG\center_2019_07_18_12_24_21_496.jpg,C:\Users\Lenovo\Desktop\New folder\IMG\left_2019_07_18_12_24_21_496.jpg,C:\Users\Lenovo\Desktop\New folder\IMG\right_2019_07_18_12_24_21_496.jpg,-0.2,1,0,30.17979
C:\Users\Lenovo\Desktop\New folder\IMG\center_2019_07_18_12_24_21_566.jpg,C:\Users\Lenovo\Desktop\New folder\IMG\left_2019_07_18_12_24_21_566.jpg,C:\Users\Lenovo\Desktop\New folder\IMG\right_2019_07_18_12_24_21_566.jpg,-0.4,1,0,30.15744
C:\Users\Lenovo\Desktop\New folder\IMG\center_2019_07_18_12_24_21_634.jpg,C:\Users\Lenovo\Desktop\New folder\IMG\left_2019_07_18_12_24_21_634.jpg,C:\Users\Lenovo\Desktop\New folder\IMG\right_2019_07_18_12_24_21_634.jpg,-0.5500001,1,0,30.13924
C:\Users\Lenovo\Desktop\New folder\IMG\center_2019_07_18_12_24_21_705.jpg,C:\Users\Lenovo\Desktop\New folder\IMG\left_2019_07_18_12_24_21_705.jpg,C:\Users\Lenovo\Desktop\New folder\IMG\right_2019_07_18_12_24_21_705.jpg,-0.7500002,1,0,30.11457
C:\Users\Lenovo\Desktop\New folder\IMG\center_2019_07_18_12_24_21_772.jpg,C:\Users\Lenovo\Desktop\New folder\IMG\left_2019_07_18_12_24_21_772.jpg,C:\Users\Lenovo\Desktop\New folder\IMG\right_2019_07_18_12_24_21_772.jpg,0,1,0,30.17521
C:\Users\Lenovo\Desktop\New folder\IMG\center_2019_07_18_12_24_21_842.jpg,C:\Users\Lenovo\Desktop\New folder\IMG\left_2019_07_18_12_24_21_842.jpg,C:\Users\Lenovo\Desktop\New folder\IMG\right_2019_07_18_12_24_21_842.jpg,0,1,0,30.18768
C:\Users\Lenovo\Desktop\New folder\IMG\center_2019_07_18_12_24_21_910.jpg,C:\Users\Lenovo\Desktop\New folder\IMG\left_2019_07_18_12_24_21_910.jpg,C:\Users\Lenovo\Desktop\New folder\IMG\right_2019_07_18_12_24_21_910.jpg,0,1,0,30.1896
C:\Users\Lenovo\Desktop\New folder\IMG\center_2019_07_18_12_24_21_981.jpg,C:\Users\Lenovo\Desktop\New folder\IMG\left_2019_07_18_12_24_21_981.jpg,C:\Users\Lenovo\Desktop\New folder\IMG\right_2019_07_18_12_24_21_981.jpg,0,1,0,30.19019
C:\Users\Lenovo\Desktop\New folder\IMG\center_2019_07_18_12_24_22_048.jpg,C:\Users\Lenovo\Desktop\New folder\IMG\left_2019_07_18_12_24_22_048.jpg,C:\Users\Lenovo\Desktop\New folder\IMG\right_2019_07_18_12_24_22_048.jpg,0,1,0,30.19027
C:\Users\Lenovo\Desktop\New folder\IMG\center_2019_07_18_12_24_22_118.jpg,C:\Users\Lenovo\Desktop\New folder\IMG\left_2019_07_18_12_24_22_118.jpg,C:\Users\Lenovo\Desktop\New folder\IMG\right_2019_07_18_12_24_22_118.jpg,0,1,0,30.19032
C:\Users\Lenovo\Desktop\New folder\IMG\center_2019_07_18_12_24_22_189.jpg,C:\Users\Lenovo\Desktop\New folder\IMG\left_2019_07_18_12_24_22_189.jpg,C:\Users\Lenovo\Desktop\New folder\IMG\right_2019_07_18_12_24_22_189.jpg,0,1,0,30.19033
C:\Users\Lenovo\Desktop\New folder\IMG\center_2019_07_18_12_24_22_258.jpg,C:\Users\Lenovo\Desktop\New folder\IMG\left_2019_07_18_12_24_22_258.jpg,C:\Users\Lenovo\Desktop\New folder\IMG\right_2019_07_18_12_24_22_258.jpg,-0.1,1,0,30.18778
C:\Users\Lenovo\Desktop\New folder\IMG\center_2019_07_18_12_24_22_325.jpg,C:\Users\Lenovo\Desktop\New folder\IMG\left_2019_07_18_12_24_22_325.jpg,C:\Users\Lenovo\Desktop\New folder\IMG\right_2019_07_18_12_24_22_325.jpg,-0.25,1,0,30.17487
C:\Users\Lenovo\Desktop\New folder\IMG\center_2019_07_18_12_24_22_394.jpg,C:\Users\Lenovo\Desktop\New folder\IMG\left_2019_07_18_12_24_22_394.jpg,C:\Users\Lenovo\Desktop\New folder\IMG\right_2019_07_18_12_24_22_394.jpg,-0.4,1,0,30.15755
C:\Users\Lenovo\Desktop\New folder\IMG\center_2019_07_18_12_24_22_465.jpg,C:\Users\Lenovo\Desktop\New folder\IMG\left_2019_07_18_12_24_22_465.jpg,C:\Users\Lenovo\Desktop\New folder\IMG\right_2019_07_18_12_24_22_465.jpg,0,1,0,30.1753
C:\Users\Lenovo\Desktop\New folder\IMG\center_2019_07_18_12_24_22_536.jpg,C:\Users\Lenovo\Desktop\New folder\IMG\left_2019_07_18_12_24_22_536.jpg,C:\Users\Lenovo\Desktop\New folder\IMG\right_2019_07_18_12_24_22_536.jpg,0,1,0,30.18658
C:\Users\Lenovo\Desktop\New folder\IMG\center_2019_07_18_12_24_22_602.jpg,C:\Users\Lenovo\Desktop\New folder\IMG\left_2019_07_18_12_24_22_602.jpg,C:\Users\Lenovo\Desktop\New folder\IMG\right_2019_07_18_12_24_22_602.jpg,0,1,0,30.1896
C:\Users\Lenovo\Desktop\New folder\IMG\center_2019_07_18_12_24_22_672.jpg,C:\Users\Lenovo\Desktop\New folder\IMG\left_2019_07_18_12_24_22_672.jpg,C:\Users\Lenovo\Desktop\New folder\IMG\right_2019_07_18_12_24_22_672.jpg,0,1,0,30.19011
C:\Users\Lenovo\Desktop\New folder\IMG\center_2019_07_18_12_24_22_741.jpg,C:\Users\Lenovo\Desktop\New folder\IMG\left_2019_07_18_12_24_22_741.jpg,C:\Users\Lenovo\Desktop\New folder\IMG\right_2019_07_18_12_24_22_741.jpg,0,1,0,30.19029
C:\Users\Lenovo\Desktop\New folder\IMG\center_2019_07_18_12_24_22_810.jpg,C:\Users\Lenovo\Desktop\New folder\IMG\left_2019_07_18_12_24_22_810.jpg,C:\Users\Lenovo\Desktop\New folder\IMG\right_2019_07_18_12_24_22_810.jpg,0,1,0,30.19036
C:\Users\Lenovo\Desktop\New folder\IMG\center_2019_07_18_12_24_22_877.jpg,C:\Users\Lenovo\Desktop\New folder\IMG\left_2019_07_18_12_24_22_877.jpg,C:\Users\Lenovo\Desktop\New folder\IMG\right_2019_07_18_12_24_22_877.jpg,0,1,0,30.19061
C:\Users\Lenovo\Desktop\New folder\IMG\center_2019_07_18_12_24_22_946.jpg,C:\Users\Lenovo\Desktop\New folder\IMG\left_2019_07_18_12_24_22_946.jpg,C:\Users\Lenovo\Desktop\New folder\IMG\right_2019_07_18_12_24_22_946.jpg,0,1,0,30.19032
C:\Users\Lenovo\Desktop\New folder\IMG\center_2019_07_18_12_24_23_014.jpg,C:\Users\Lenovo\Desktop\New folder\IMG\left_2019_07_18_12_24_23_014.jpg,C:\Users\Lenovo\Desktop\New folder\IMG\right_2019_07_18_12_24_23_014.jpg,0,1,0,30.19032
C:\Users\Lenovo\Desktop\New folder\IMG\center_2019_07_18_12_24_23_082.jpg,C:\Users\Lenovo\Desktop\New folder\IMG\left_2019_07_18_12_24_23_082.jpg,C:\Users\Lenovo\Desktop\New folder\IMG\right_2019_07_18_12_24_23_082.jpg,0,1,0,30.19042
C:\Users\Lenovo\Desktop\New folder\IMG\center_2019_07_18_12_24_23_151.jpg,C:\Users\Lenovo\Desktop\New folder\IMG\left_2019_07_18_12_24_23_151.jpg,C:\Users\Lenovo\Desktop\New folder\IMG\right_2019_07_18_12_24_23_151.jpg,0,1,0,30.19032
C:\Users\Lenovo\Desktop\New folder\IMG\center_2019_07_18_12_24_23_222.jpg,C:\Users\Lenovo\Desktop\New folder\IMG\left_2019_07_18_12_24_23_222.jpg,C:\Users\Lenovo\Desktop\New folder\IMG\right_2019_07_18_12_24_23_222.jpg,0,1,0,30.19029
C:\Users\Lenovo\Desktop\New folder\IMG\center_2019_07_18_12_24_23_289.jpg,C:\Users\Lenovo\Desktop\New folder\IMG\left_2019_07_18_12_24_23_289.jpg,C:\Users\Lenovo\Desktop\New folder\IMG\right_2019_07_18_12_24_23_289.jpg,0,1,0,30.19032
C:\Users\Lenovo\Desktop\New folder\IMG\center_2019_07_18_12_24_23_356.jpg,C:\Users\Lenovo\Desktop\New folder\IMG\left_2019_07_18_12_24_23_356.jpg,C:\Users\Lenovo\Desktop\New folder\IMG\right_2019_07_18_12_24_23_356.jpg,0,1,0,30.19027
C:\Users\Lenovo\Desktop\New folder\IMG\center_2019_07_18_12_24_23_425.jpg,C:\Users\Lenovo\Desktop\New folder\IMG\left_2019_07_18_12_24_23_425.jpg,C:\Users\Lenovo\Desktop\New folder\IMG\right_2019_07_18_12_24_23_425.jpg,0,1,0,30.19028
C:\Users\Lenovo\Desktop\New folder\IMG\center_2019_07_18_12_24_23_494.jpg,C:\Users\Lenovo\Desktop\New folder\IMG\left_2019_07_18_12_24_23_494.jpg,C:\Users\Lenovo\Desktop\New folder\IMG\right_2019_07_18_12_24_23_494.jpg,0,1,0,30.19029
C:\Users\Lenovo\Desktop\New folder\IMG\center_2019_07_18_12_24_23_561.jpg,C:\Users\Lenovo\Desktop\New folder\IMG\left_2019_07_18_12_24_23_561.jpg,C:\Users\Lenovo\Desktop\New folder\IMG\right_2019_07_18_12_24_23_561.jpg,0,1,0,30.19031
C:\Users\Lenovo\Desktop\New folder\IMG\center_2019_07_18_12_24_23_628.jpg,C:\Users\Lenovo\Desktop\New folder\IMG\left_2019_07_18_12_24_23_628.jpg,C:\Users\Lenovo\Desktop\New folder\IMG\right_2019_07_18_12_24_23_628.jpg,0,1,0,30.19031
C:\Users\Lenovo\Desktop\New folder\IMG\center_2019_07_18_12_24_23_695.jpg,C:\Users\Lenovo\Desktop\New folder\IMG\left_2019_07_18_12_24_23_695.jpg,C:\Users\Lenovo\Desktop\New folder\IMG\right_2019_07_18_12_24_23_695.jpg,0,1,0,30.19028
C:\Users\Lenovo\Desktop\New folder\IMG\center_2019_07_18_12_24_23_764.jpg,C:\Users\Lenovo\Desktop\New folder\IMG\left_2019_07_18_12_24_23_764.jpg,C:\Users\Lenovo\Desktop\New folder\IMG\right_2019_07_18_12_24_23_764.jpg,0,1,0,30.19031
C:\Users\Lenovo\Desktop\New folder\IMG\center_2019_07_18_12_24_23_832.jpg,C:\Users\Lenovo\Desktop\New folder\IMG\left_2019_07_18_12_24_23_832.jpg,C:\Users\Lenovo\Desktop\New folder\IMG\right_2019_07_18_12_24_23_832.jpg,0,1,0,30.18913
C:\Users\Lenovo\Desktop\New folder\IMG\center_2019_07_18_12_24_23_899.jpg,C:\Users\Lenovo\Desktop\New folder\IMG\left_2019_07_18_12_24_23_899.jpg,C:\Users\Lenovo\Desktop\New folder\IMG\right_2019_07_18_12_24_23_899.jpg,0,1,0,30.19021
C:\Users\Lenovo\Desktop\New folder\IMG\center_2019_07_18_12_24_23_966.jpg,C:\Users\Lenovo\Desktop\New folder\IMG\left_2019_07_18_12_24_23_966.jpg,C:\Users\Lenovo\Desktop\New folder\IMG\right_2019_07_18_12_24_23_966.jpg,0,1,0,30.19029
C:\Users\Lenovo\Desktop\New folder\IMG\center_2019_07_18_12_24_24_038.jpg,C:\Users\Lenovo\Desktop\New folder\IMG\left_2019_07_18_12_24_24_038.jpg,C:\Users\Lenovo\Desktop\New folder\IMG\right_2019_07_18_12_24_24_038.jpg,0,1,0,30.18986
C:\Users\Lenovo\Desktop\New folder\IMG\center_2019_07_18_12_24_24_106.jpg,C:\Users\Lenovo\Desktop\New folder\IMG\left_2019_07_18_12_24_24_106.jpg,C:\Users\Lenovo\Desktop\New folder\IMG\right_2019_07_18_12_24_24_106.jpg,-0.2,1,0,30.17982
C:\Users\Lenovo\Desktop\New folder\IMG\center_2019_07_18_12_24_24_177.jpg,C:\Users\Lenovo\Desktop\New folder\IMG\left_2019_07_18_12_24_24_177.jpg,C:\Users\Lenovo\Desktop\New folder\IMG\right_2019_07_18_12_24_24_177.jpg,-0.35,1,0,30.16348
C:\Users\Lenovo\Desktop\New folder\IMG\center_2019_07_18_12_24_24_243.jpg,C:\Users\Lenovo\Desktop\New folder\IMG\left_2019_07_18_12_24_24_243.jpg,C:\Users\Lenovo\Desktop\New folder\IMG\right_2019_07_18_12_24_24_243.jpg,-0.5500001,1,0,30.13927
C:\Users\Lenovo\Desktop\New folder\IMG\center_2019_07_18_12_24_24_311.jpg,C:\Users\Lenovo\Desktop\New folder\IMG\left_2019_07_18_12_24_24_311.jpg,C:\Users\Lenovo\Desktop\New folder\IMG\right_2019_07_18_12_24_24_311.jpg,0,1,0,30.18059
C:\Users\Lenovo\Desktop\New folder\IMG\center_2019_07_18_12_24_24_380.jpg,C:\Users\Lenovo\Desktop\New folder\IMG\left_2019_07_18_12_24_24_380.jpg,C:\Users\Lenovo\Desktop\New folder\IMG\right_2019_07_18_12_24_24_380.jpg,0,0.8248942,0,30.15386
C:\Users\Lenovo\Desktop\New folder\IMG\center_2019_07_18_12_24_24_447.jpg,C:\Users\Lenovo\Desktop\New folder\IMG\left_2019_07_18_12_24_24_447.jpg,C:\Users\Lenovo\Desktop\New folder\IMG\right_2019_07_18_12_24_24_447.jpg,0,0.6477499,0,30.11156
C:\Users\Lenovo\Desktop\New folder\IMG\center_2019_07_18_12_24_24_519.jpg,C:\Users\Lenovo\Desktop\New folder\IMG\left_2019_07_18_12_24_24_519.jpg,C:\Users\Lenovo\Desktop\New folder\IMG\right_2019_07_18_12_24_24_519.jpg,0,0.4063641,0,30.04973
C:\Users\Lenovo\Desktop\New folder\IMG\center_2019_07_18_12_24_24_586.jpg,C:\Users\Lenovo\Desktop\New folder\IMG\left_2019_07_18_12_24_24_586.jpg,C:\Users\Lenovo\Desktop\New folder\IMG\right_2019_07_18_12_24_24_586.jpg,0,0.219543,0,30.00654
C:\Users\Lenovo\Desktop\New folder\IMG\center_2019_07_18_12_24_24_657.jpg,C:\Users\Lenovo\Desktop\New folder\IMG\left_2019_07_18_12_24_24_657.jpg,C:\Users\Lenovo\Desktop\New folder\IMG\right_2019_07_18_12_24_24_657.jpg,0,0.04771067,0,29.92489
C:\Users\Lenovo\Desktop\New folder\IMG\center_2019_07_18_12_24_24_728.jpg,C:\Users\Lenovo\Desktop\New folder\IMG\left_2019_07_18_12_24_24_728.jpg,C:\Users\Lenovo\Desktop\New folder\IMG\right_2019_07_18_12_24_24_728.jpg,0,0,0,29.6912
C:\Users\Lenovo\Desktop\New folder\IMG\center_2019_07_18_12_24_24_797.jpg,C:\Users\Lenovo\Desktop\New folder\IMG\left_2019_07_18_12_24_24_797.jpg,C:\Users\Lenovo\Desktop\New folder\IMG\right_2019_07_18_12_24_24_797.jpg,0,0,0,29.51212
C:\Users\Lenovo\Desktop\New folder\IMG\center_2019_07_18_12_24_24_867.jpg,C:\Users\Lenovo\Desktop\New folder\IMG\left_2019_07_18_12_24_24_867.jpg,C:\Users\Lenovo\Desktop\New folder\IMG\right_2019_07_18_12_24_24_867.jpg,0,0,0,29.27472
C:\Users\Lenovo\Desktop\New folder\IMG\center_2019_07_18_12_24_24_934.jpg,C:\Users\Lenovo\Desktop\New folder\IMG\left_2019_07_18_12_24_24_934.jpg,C:\Users\Lenovo\Desktop\New folder\IMG\right_2019_07_18_12_24_24_934.jpg,0,0,0,29.09799
C:\Users\Lenovo\Desktop\New folder\IMG\center_2019_07_18_12_24_25_005.jpg,C:\Users\Lenovo\Desktop\New folder\IMG\left_2019_07_18_12_24_25_005.jpg,C:\Users\Lenovo\Desktop\New folder\IMG\right_2019_07_18_12_24_25_005.jpg,0,0,0,28.864
C:\Users\Lenovo\Desktop\New folder\IMG\center_2019_07_18_12_24_25_072.jpg,C:\Users\Lenovo\Desktop\New folder\IMG\left_2019_07_18_12_24_25_072.jpg,C:\Users\Lenovo\Desktop\New folder\IMG\right_2019_07_18_12_24_25_072.jpg,0,0,0,28.68969
C:\Users\Lenovo\Desktop\New folder\IMG\center_2019_07_18_12_24_25_142.jpg,C:\Users\Lenovo\Desktop\New folder\IMG\left_2019_07_18_12_24_25_142.jpg,C:\Users\Lenovo\Desktop\New folder\IMG\right_2019_07_18_12_24_25_142.jpg,0,0.1557461,0,28.49724
C:\Users\Lenovo\Desktop\New folder\IMG\center_2019_07_18_12_24_25_210.jpg,C:\Users\Lenovo\Desktop\New folder\IMG\left_2019_07_18_12_24_25_210.jpg,C:\Users\Lenovo\Desktop\New folder\IMG\right_2019_07_18_12_24_25_210.jpg,0,0.3378978,0,28.49407
C:\Users\Lenovo\Desktop\New folder\IMG\center_2019_07_18_12_24_25_282.jpg,C:\Users\Lenovo\Desktop\New folder\IMG\left_2019_07_18_12_24_25_282.jpg,C:\Users\Lenovo\Desktop\New folder\IMG\right_2019_07_18_12_24_25_282.jpg,0,0.577158,0,28.69321
C:\Users\Lenovo\Desktop\New folder\IMG\center_2019_07_18_12_24_25_349.jpg,C:\Users\Lenovo\Desktop\New folder\IMG\left_2019_07_18_12_24_25_349.jpg,C:\Users\Lenovo\Desktop\New folder\IMG\right_2019_07_18_12_24_25_349.jpg,0,0.7533039,0,28.99504
C:\Users\Lenovo\Desktop\New folder\IMG\center_2019_07_18_12_24_25_420.jpg,C:\Users\Lenovo\Desktop\New folder\IMG\left_2019_07_18_12_24_25_420.jpg,C:\Users\Lenovo\Desktop\New folder\IMG\right_2019_07_18_12_24_25_420.jpg,0,0.9902574,0,29.59392
C:\Users\Lenovo\Desktop\New folder\IMG\center_2019_07_18_12_24_25_490.jpg,C:\Users\Lenovo\Desktop\New folder\IMG\left_2019_07_18_12_24_25_490.jpg,C:\Users\Lenovo\Desktop\New folder\IMG\right_2019_07_18_12_24_25_490.jpg,0,1,0,30.14171
C:\Users\Lenovo\Desktop\New folder\IMG\center_2019_07_18_12_24_25_559.jpg,C:\Users\Lenovo\Desktop\New folder\IMG\left_2019_07_18_12_24_25_559.jpg,C:\Users\Lenovo\Desktop\New folder\IMG\right_2019_07_18_12_24_25_559.jpg,0,1,0,30.1903
C:\Users\Lenovo\Desktop\New folder\IMG\center_2019_07_18_12_24_25_629.jpg,C:\Users\Lenovo\Desktop\New folder\IMG\left_2019_07_18_12_24_25_629.jpg,C:\Users\Lenovo\Desktop\New folder\IMG\right_2019_07_18_12_24_25_629.jpg,0,1,0,30.19029
C:\Users\Lenovo\Desktop\New folder\IMG\center_2019_07_18_12_24_25_699.jpg,C:\Users\Lenovo\Desktop\New folder\IMG\left_2019_07_18_12_24_25_699.jpg,C:\Users\Lenovo\Desktop\New folder\IMG\right_2019_07_18_12_24_25_699.jpg,-0.15,1,0,30.18421
C:\Users\Lenovo\Desktop\New folder\IMG\center_2019_07_18_12_24_25_769.jpg,C:\Users\Lenovo\Desktop\New folder\IMG\left_2019_07_18_12_24_25_769.jpg,C:\Users\Lenovo\Desktop\New folder\IMG\right_2019_07_18_12_24_25_769.jpg,-0.3,1,0,30.16927
C:\Users\Lenovo\Desktop\New folder\IMG\center_2019_07_18_12_24_25_839.jpg,C:\Users\Lenovo\Desktop\New folder\IMG\left_2019_07_18_12_24_25_839.jpg,C:\Users\Lenovo\Desktop\New folder\IMG\right_2019_07_18_12_24_25_839.jpg,0,1,0,30.17916
C:\Users\Lenovo\Desktop\New folder\IMG\center_2019_07_18_12_24_25_908.jpg,C:\Users\Lenovo\Desktop\New folder\IMG\left_2019_07_18_12_24_25_908.jpg,C:\Users\Lenovo\Desktop\New folder\IMG\right_2019_07_18_12_24_25_908.jpg,0,1,0,30.1883
C:\Users\Lenovo\Desktop\New folder\IMG\center_2019_07_18_12_24_25_978.jpg,C:\Users\Lenovo\Desktop\New folder\IMG\left_2019_07_18_12_24_25_978.jpg,C:\Users\Lenovo\Desktop\New folder\IMG\right_2019_07_18_12_24_25_978.jpg,0,1,0,30.18985
C:\Users\Lenovo\Desktop\New folder\IMG\center_2019_07_18_12_24_26_049.jpg,C:\Users\Lenovo\Desktop\New folder\IMG\left_2019_07_18_12_24_26_049.jpg,C:\Users\Lenovo\Desktop\New folder\IMG\right_2019_07_18_12_24_26_049.jpg,0,1,0,30.19016
C:\Users\Lenovo\Desktop\New folder\IMG\center_2019_07_18_12_24_26_119.jpg,C:\Users\Lenovo\Desktop\New folder\IMG\left_2019_07_18_12_24_26_119.jpg,C:\Users\Lenovo\Desktop\New folder\IMG\right_2019_07_18_12_24_26_119.jpg,0,1,0,30.19051
C:\Users\Lenovo\Desktop\New folder\IMG\center_2019_07_18_12_24_26_188.jpg,C:\Users\Lenovo\Desktop\New folder\IMG\left_2019_07_18_12_24_26_188.jpg,C:\Users\Lenovo\Desktop\New folder\IMG\right_2019_07_18_12_24_26_188.jpg,0,1,0,30.19029
C:\Users\Lenovo\Desktop\New folder\IMG\center_2019_07_18_12_24_26_259.jpg,C:\Users\Lenovo\Desktop\New folder\IMG\left_2019_07_18_12_24_26_259.jpg,C:\Users\Lenovo\Desktop\New folder\IMG\right_2019_07_18_12_24_26_259.jpg,0,1,0,30.19031
C:\Users\Lenovo\Desktop\New folder\IMG\center_2019_07_18_12_24_26_326.jpg,C:\Users\Lenovo\Desktop\New folder\IMG\left_2019_07_18_12_24_26_326.jpg,C:\Users\Lenovo\Desktop\New folder\IMG\right_2019_07_18_12_24_26_326.jpg,0,1,0,30.19033
C:\Users\Lenovo\Desktop\New folder\IMG\center_2019_07_18_12_24_26_395.jpg,C:\Users\Lenovo\Desktop\New folder\IMG\left_2019_07_18_12_24_26_395.jpg,C:\Users\Lenovo\Desktop\New folder\IMG\right_2019_07_18_12_24_26_395.jpg,0,1,0,30.19029
C:\Users\Lenovo\Desktop\New folder\IMG\center_2019_07_18_12_24_26_465.jpg,C:\Users\Lenovo\Desktop\New folder\IMG\left_2019_07_18_12_24_26_465.jpg,C:\Users\Lenovo\Desktop\New folder\IMG\right_2019_07_18_12_24_26_465.jpg,0,1,0,30.1903
C:\Users\Lenovo\Desktop\New folder\IMG\center_2019_07_18_12_24_26_534.jpg,C:\Users\Lenovo\Desktop\New folder\IMG\left_2019_07_18_12_24_26_534.jpg,C:\Users\Lenovo\Desktop\New folder\IMG\right_2019_07_18_12_24_26_534.jpg,-0.05,1,0,30.18969
C:\Users\Lenovo\Desktop\New folder\IMG\center_2019_07_18_12_24_26_604.jpg,C:\Users\Lenovo\Desktop\New folder\IMG\left_2019_07_18_12_24_26_604.jpg,C:\Users\Lenovo\Desktop\New folder\IMG\right_2019_07_18_12_24_26_604.jpg,-0.25,1,0,30.17473
C:\Users\Lenovo\Desktop\New folder\IMG\center_2019_07_18_12_24_26_673.jpg,C:\Users\Lenovo\Desktop\New folder\IMG\left_2019_07_18_12_24_26_673.jpg,C:\Users\Lenovo\Desktop\New folder\IMG\right_2019_07_18_12_24_26_673.jpg,-0.4,1,0,30.15747
C:\Users\Lenovo\Desktop\New folder\IMG\center_2019_07_18_12_24_26_743.jpg,C:\Users\Lenovo\Desktop\New folder\IMG\left_2019_07_18_12_24_26_743.jpg,C:\Users\Lenovo\Desktop\New folder\IMG\right_2019_07_18_12_24_26_743.jpg,-0.6000001,1,0,30.13312
C:\Users\Lenovo\Desktop\New folder\IMG\center_2019_07_18_12_24_26_813.jpg,C:\Users\Lenovo\Desktop\New folder\IMG\left_2019_07_18_12_24_26_813.jpg,C:\Users\Lenovo\Desktop\New folder\IMG\right_2019_07_18_12_24_26_813.jpg,0,1,0,30.18272
C:\Users\Lenovo\Desktop\New folder\IMG\center_2019_07_18_12_24_26_884.jpg,C:\Users\Lenovo\Desktop\New folder\IMG\left_2019_07_18_12_24_26_884.jpg,C:\Users\Lenovo\Desktop\New folder\IMG\right_2019_07_18_12_24_26_884.jpg,0,1,0,30.18888
C:\Users\Lenovo\Desktop\New folder\IMG\center_2019_07_18_12_24_26_952.jpg,C:\Users\Lenovo\Desktop\New folder\IMG\left_2019_07_18_12_24_26_952.jpg,C:\Users\Lenovo\Desktop\New folder\IMG\right_2019_07_18_12_24_26_952.jpg,0,1,0,30.1899
C:\Users\Lenovo\Desktop\New folder\IMG\center_2019_07_18_12_24_27_021.jpg,C:\Users\Lenovo\Desktop\New folder\IMG\left_2019_07_18_12_24_27_021.jpg,C:\Users\Lenovo\Desktop\New folder\IMG\right_2019_07_18_12_24_27_021.jpg,0,1,0,30.19055
C:\Users\Lenovo\Desktop\New folder\IMG\center_2019_07_18_12_24_27_090.jpg,C:\Users\Lenovo\Desktop\New folder\IMG\left_2019_07_18_12_24_27_090.jpg,C:\Users\Lenovo\Desktop\New folder\IMG\right_2019_07_18_12_24_27_090.jpg,0,1,0,30.19022
C:\Users\Lenovo\Desktop\New folder\IMG\center_2019_07_18_12_24_27_159.jpg,C:\Users\Lenovo\Desktop\New folder\IMG\left_2019_07_18_12_24_27_159.jpg,C:\Users\Lenovo\Desktop\New folder\IMG\right_2019_07_18_12_24_27_159.jpg,0,1,0,30.19029
C:\Users\Lenovo\Desktop\New folder\IMG\center_2019_07_18_12_24_27_226.jpg,C:\Users\Lenovo\Desktop\New folder\IMG\left_2019_07_18_12_24_27_226.jpg,C:\Users\Lenovo\Desktop\New folder\IMG\right_2019_07_18_12_24_27_226.jpg,0,1,0,30.19036
C:\Users\Lenovo\Desktop\New folder\IMG\center_2019_07_18_12_24_27_296.jpg,C:\Users\Lenovo\Desktop\New folder\IMG\left_2019_07_18_12_24_27_296.jpg,C:\Users\Lenovo\Desktop\New folder\IMG\right_2019_07_18_12_24_27_296.jpg,0,1,0,30.19038
C:\Users\Lenovo\Desktop\New folder\IMG\center_2019_07_18_12_24_27_364.jpg,C:\Users\Lenovo\Desktop\New folder\IMG\left_2019_07_18_12_24_27_364.jpg,C:\Users\Lenovo\Desktop\New folder\IMG\right_2019_07_18_12_24_27_364.jpg,0,1,0,30.1903
C:\Users\Lenovo\Desktop\New folder\IMG\center_2019_07_18_12_24_27_434.jpg,C:\Users\Lenovo\Desktop\New folder\IMG\left_2019_07_18_12_24_27_434.jpg,C:\Users\Lenovo\Desktop\New folder\IMG\right_2019_07_18_12_24_27_434.jpg,-0.05,1,0,30.1897
C:\Users\Lenovo\Desktop\New folder\IMG\center_2019_07_18_12_24_27_503.jpg,C:\Users\Lenovo\Desktop\New folder\IMG\left_2019_07_18_12_24_27_503.jpg,C:\Users\Lenovo\Desktop\New folder\IMG\right_2019_07_18_12_24_27_503.jpg,-0.25,1,0,30.17468
C:\Users\Lenovo\Desktop\New folder\IMG\center_2019_07_18_12_24_27_571.jpg,C:\Users\Lenovo\Desktop\New folder\IMG\left_2019_07_18_12_24_27_571.jpg,C:\Users\Lenovo\Desktop\New folder\IMG\right_2019_07_18_12_24_27_571.jpg,0,1,0,30.18938
C:\Users\Lenovo\Desktop\New folder\IMG\center_2019_07_18_12_24_27_639.jpg,C:\Users\Lenovo\Desktop\New folder\IMG\left_2019_07_18_12_24_27_639.jpg,C:\Users\Lenovo\Desktop\New folder\IMG\right_2019_07_18_12_24_27_639.jpg,0,1,0,30.1902
C:\Users\Lenovo\Desktop\New folder\IMG\center_2019_07_18_12_24_27_706.jpg,C:\Users\Lenovo\Desktop\New folder\IMG\left_2019_07_18_12_24_27_706.jpg,C:\Users\Lenovo\Desktop\New folder\IMG\right_2019_07_18_12_24_27_706.jpg,0,1,0,30.19027
C:\Users\Lenovo\Desktop\New folder\IMG\center_2019_07_18_12_24_27_775.jpg,C:\Users\Lenovo\Desktop\New folder\IMG\left_2019_07_18_12_24_27_775.jpg,C:\Users\Lenovo\Desktop\New folder\IMG\right_2019_07_18_12_24_27_775.jpg,0,1,0,30.19029
C:\Users\Lenovo\Desktop\New folder\IMG\center_2019_07_18_12_24_27_843.jpg,C:\Users\Lenovo\Desktop\New folder\IMG\left_2019_07_18_12_24_27_843.jpg,C:\Users\Lenovo\Desktop\New folder\IMG\right_2019_07_18_12_24_27_843.jpg,0,1,0,30.1903
C:\Users\Lenovo\Desktop\New folder\IMG\center_2019_07_18_12_24_27_910.jpg,C:\Users\Lenovo\Desktop\New folder\IMG\left_2019_07_18_12_24_27_910.jpg,C:\Users\Lenovo\Desktop\New folder\IMG\right_2019_07_18_12_24_27_910.jpg,0,1,0,30.1903
C:\Users\Lenovo\Desktop\New folder\IMG\center_2019_07_18_12_24_27_979.jpg,C:\Users\Lenovo\Desktop\New folder\IMG\left_2019_07_18_12_24_27_979.jpg,C:\Users\Lenovo\Desktop\New folder\IMG\right_2019_07_18_12_24_27_979.jpg,0,1,0,30.19031
C:\Users\Lenovo\Desktop\New folder\IMG\center_2019_07_18_12_24_28_047.jpg,C:\Users\Lenovo\Desktop\New folder\IMG\left_2019_07_18_12_24_28_047.jpg,C:\Users\Lenovo\Desktop\New folder\IMG\right_2019_07_18_12_24_28_047.jpg,0,1,0,30.19029
C:\Users\Lenovo\Desktop\New folder\IMG\center_2019_07_18_12_24_28_115.jpg,C:\Users\Lenovo\Desktop\New folder\IMG\left_2019_07_18_12_24_28_115.jpg,C:\Users\Lenovo\Desktop\New folder\IMG\right_2019_07_18_12_24_28_115.jpg,0,1,0,30.19029
C:\Users\Lenovo\Desktop\New folder\IMG\center_2019_07_18_12_24_28_184.jpg,C:\Users\Lenovo\Desktop\New folder\IMG\left_2019_07_18_12_24_28_184.jpg,C:\Users\Lenovo\Desktop\New folder\IMG\right_2019_07_18_12_24_28_184.jpg,0,1,0,30.19044
C:\Users\Lenovo\Desktop\New folder\IMG\center_2019_07_18_12_24_28_252.jpg,C:\Users\Lenovo\Desktop\New folder\IMG\left_2019_07_18_12_24_28_252.jpg,C:\Users\Lenovo\Desktop\New folder\IMG\right_2019_07_18_12_24_28_252.jpg,0,1,0,30.19028
C:\Users\Lenovo\Desktop\New folder\IMG\center_2019_07_18_12_24_28_320.jpg,C:\Users\Lenovo\Desktop\New folder\IMG\left_2019_07_18_12_24_28_320.jpg,C:\Users\Lenovo\Desktop\New folder\IMG\right_2019_07_18_12_24_28_320.jpg,0,1,0,30.19031
C:\Users\Lenovo\Desktop\New folder\IMG\center_2019_07_18_12_24_28_388.jpg,C:\Users\Lenovo\Desktop\New folder\IMG\left_2019_07_18_12_24_28_388.jpg,C:\Users\Lenovo\Desktop\New folder\IMG\right_2019_07_18_12_24_28_388.jpg,0,1,0,30.19029
C:\Users\Lenovo\Desktop\New folder\IMG\center_2019_07_18_12_24_28_455.jpg,C:\Users\Lenovo\Desktop\New folder\IMG\left_2019_07_18_12_24_28_455.jpg,C:\Users\Lenovo\Desktop\New folder\IMG\right_2019_07_18_12_24_28_455.jpg,-0.05,1,0,30.18975
C:\Users\Lenovo\Desktop\New folder\IMG\center_2019_07_18_12_24_28_524.jpg,C:\Users\Lenovo\Desktop\New folder\IMG\left_2019_07_18_12_24_28_524.jpg,C:\Users\Lenovo\Desktop\New folder\IMG\right_2019_07_18_12_24_28_524.jpg,-0.25,1,0,30.17474
C:\Users\Lenovo\Desktop\New folder\IMG\center_2019_07_18_12_24_28_592.jpg,C:\Users\Lenovo\Desktop\New folder\IMG\left_2019_07_18_12_24_28_592.jpg,C:\Users\Lenovo\Desktop\New folder\IMG\right_2019_07_18_12_24_28_592.jpg,0,1,0,30.18293
C:\Users\Lenovo\Desktop\New folder\IMG\center_2019_07_18_12_24_28_660.jpg,C:\Users\Lenovo\Desktop\New folder\IMG\left_2019_07_18_12_24_28_660.jpg,C:\Users\Lenovo\Desktop\New folder\IMG\right_2019_07_18_12_24_28_660.jpg,0,1,0,30.18951
C:\Users\Lenovo\Desktop\New folder\IMG\center_2019_07_18_12_24_28_728.jpg,C:\Users\Lenovo\Desktop\New folder\IMG\left_2019_07_18_12_24_28_728.jpg,C:\Users\Lenovo\Desktop\New folder\IMG\right_2019_07_18_12_24_28_728.jpg,0,1,0,30.19008
C:\Users\Lenovo\Desktop\New folder\IMG\center_2019_07_18_12_24_28_795.jpg,C:\Users\Lenovo\Desktop\New folder\IMG\left_2019_07_18_12_24_28_795.jpg,C:\Users\Lenovo\Desktop\New folder\IMG\right_2019_07_18_12_24_28_795.jpg,0,1,0,30.19023
C:\Users\Lenovo\Desktop\New folder\IMG\center_2019_07_18_12_24_28_865.jpg,C:\Users\Lenovo\Desktop\New folder\IMG\left_2019_07_18_12_24_28_865.jpg,C:\Users\Lenovo\Desktop\New folder\IMG\right_2019_07_18_12_24_28_865.jpg,0,1,0,30.1903
C:\Users\Lenovo\Desktop\New folder\IMG\center_2019_07_18_12_24_28_933.jpg,C:\Users\Lenovo\Desktop\New folder\IMG\left_2019_07_18_12_24_28_933.jpg,C:\Users\Lenovo\Desktop\New folder\IMG\right_2019_07_18_12_24_28_933.jpg,0,1,0,30.19028
C:\Users\Lenovo\Desktop\New folder\IMG\center_2019_07_18_12_24_29_004.jpg,C:\Users\Lenovo\Desktop\New folder\IMG\left_2019_07_18_12_24_29_004.jpg,C:\Users\Lenovo\Desktop\New folder\IMG\right_2019_07_18_12_24_29_004.jpg,0,1,0,30.19031
C:\Users\Lenovo\Desktop\New folder\IMG\center_2019_07_18_12_24_29_071.jpg,C:\Users\Lenovo\Desktop\New folder\IMG\left_2019_07_18_12_24_29_071.jpg,C:\Users\Lenovo\Desktop\New folder\IMG\right_2019_07_18_12_24_29_071.jpg,0,1,0,30.1903
C:\Users\Lenovo\Desktop\New folder\IMG\center_2019_07_18_12_24_29_142.jpg,C:\Users\Lenovo\Desktop\New folder\IMG\left_2019_07_18_12_24_29_142.jpg,C:\Users\Lenovo\Desktop\New folder\IMG\right_2019_07_18_12_24_29_142.jpg,0,1,0,30.1903
C:\Users\Lenovo\Desktop\New folder\IMG\center_2019_07_18_12_24_29_208.jpg,C:\Users\Lenovo\Desktop\New folder\IMG\left_2019_07_18_12_24_29_208.jpg,C:\Users\Lenovo\Desktop\New folder\IMG\right_2019_07_18_12_24_29_208.jpg,0,1,0,30.19029
C:\Users\Lenovo\Desktop\New folder\IMG\center_2019_07_18_12_24_29_279.jpg,C:\Users\Lenovo\Desktop\New folder\IMG\left_2019_07_18_12_24_29_279.jpg,C:\Users\Lenovo\Desktop\New folder\IMG\right_2019_07_18_12_24_29_279.jpg,0,1,0,30.1903
C:\Users\Lenovo\Desktop\New folder\IMG\center_2019_07_18_12_24_29_348.jpg,C:\Users\Lenovo\Desktop\New folder\IMG\left_2019_07_18_12_24_29_348.jpg,C:\Users\Lenovo\Desktop\New folder\IMG\right_2019_07_18_12_24_29_348.jpg,0,1,0,30.19029
C:\Users\Lenovo\Desktop\New folder\IMG\center_2019_07_18_12_24_29_416.jpg,C:\Users\Lenovo\Desktop\New folder\IMG\left_2019_07_18_12_24_29_416.jpg,C:\Users\Lenovo\Desktop\New folder\IMG\right_2019_07_18_12_24_29_416.jpg,0,1,0,30.19035
C:\Users\Lenovo\Desktop\New folder\IMG\center_2019_07_18_12_24_29_486.jpg,C:\Users\Lenovo\Desktop\New folder\IMG\left_2019_07_18_12_24_29_486.jpg,C:\Users\Lenovo\Desktop\New folder\IMG\right_2019_07_18_12_24_29_486.jpg,0,1,0,30.1903
C:\Users\Lenovo\Desktop\New folder\IMG\center_2019_07_18_12_24_29_555.jpg,C:\Users\Lenovo\Desktop\New folder\IMG\left_2019_07_18_12_24_29_555.jpg,C:\Users\Lenovo\Desktop\New folder\IMG\right_2019_07_18_12_24_29_555.jpg,0.1,1,0,30.18767
C:\Users\Lenovo\Desktop\New folder\IMG\center_2019_07_18_12_24_29_622.jpg,C:\Users\Lenovo\Desktop\New folder\IMG\left_2019_07_18_12_24_29_622.jpg,C:\Users\Lenovo\Desktop\New folder\IMG\right_2019_07_18_12_24_29_622.jpg,0.3,1,0,30.16924
C:\Users\Lenovo\Desktop\New folder\IMG\center_2019_07_18_12_24_29_691.jpg,C:\Users\Lenovo\Desktop\New folder\IMG\left_2019_07_18_12_24_29_691.jpg,C:\Users\Lenovo\Desktop\New folder\IMG\right_2019_07_18_12_24_29_691.jpg,0.45,1,0,30.1515
C:\Users\Lenovo\Desktop\New folder\IMG\center_2019_07_18_12_24_29_761.jpg,C:\Users\Lenovo\Desktop\New folder\IMG\left_2019_07_18_12_24_29_761.jpg,C:\Users\Lenovo\Desktop\New folder\IMG\right_2019_07_18_12_24_29_761.jpg,0,1,0,30.18829
C:\Users\Lenovo\Desktop\New folder\IMG\center_2019_07_18_12_24_29_829.jpg,C:\Users\Lenovo\Desktop\New folder\IMG\left_2019_07_18_12_24_29_829.jpg,C:\Users\Lenovo\Desktop\New folder\IMG\right_2019_07_18_12_24_29_829.jpg,0,1,0,30.18959
C:\Users\Lenovo\Desktop\New folder\IMG\center_2019_07_18_12_24_29_897.jpg,C:\Users\Lenovo\Desktop\New folder\IMG\left_2019_07_18_12_24_29_897.jpg,C:\Users\Lenovo\Desktop\New folder\IMG\right_2019_07_18_12_24_29_897.jpg,0,1,0,30.19009
C:\Users\Lenovo\Desktop\New folder\IMG\center_2019_07_18_12_24_29_965.jpg,C:\Users\Lenovo\Desktop\New folder\IMG\left_2019_07_18_12_24_29_965.jpg,C:\Users\Lenovo\Desktop\New folder\IMG\right_2019_07_18_12_24_29_965.jpg,0,1,0,30.19025
C:\Users\Lenovo\Desktop\New folder\IMG\center_2019_07_18_12_24_30_034.jpg,C:\Users\Lenovo\Desktop\New folder\IMG\left_2019_07_18_12_24_30_034.jpg,C:\Users\Lenovo\Desktop\New folder\IMG\right_2019_07_18_12_24_30_034.jpg,0,1,0,30.19029
C:\Users\Lenovo\Desktop\New folder\IMG\center_2019_07_18_12_24_30_102.jpg,C:\Users\Lenovo\Desktop\New folder\IMG\left_2019_07_18_12_24_30_102.jpg,C:\Users\Lenovo\Desktop\New folder\IMG\right_2019_07_18_12_24_30_102.jpg,0,1,0,30.1903
C:\Users\Lenovo\Desktop\New folder\IMG\center_2019_07_18_12_24_30_171.jpg,C:\Users\Lenovo\Desktop\New folder\IMG\left_2019_07_18_12_24_30_171.jpg,C:\Users\Lenovo\Desktop\New folder\IMG\right_2019_07_18_12_24_30_171.jpg,0,1,0,30.1903
C:\Users\Lenovo\Desktop\New folder\IMG\center_2019_07_18_12_24_30_241.jpg,C:\Users\Lenovo\Desktop\New folder\IMG\left_2019_07_18_12_24_30_241.jpg,C:\Users\Lenovo\Desktop\New folder\IMG\right_2019_07_18_12_24_30_241.jpg,-0.15,1,0,30.18411
C:\Users\Lenovo\Desktop\New folder\IMG\center_2019_07_18_12_24_30_308.jpg,C:\Users\Lenovo\Desktop\New folder\IMG\left_2019_07_18_12_24_30_308.jpg,C:\Users\Lenovo\Desktop\New folder\IMG\right_2019_07_18_12_24_30_308.jpg,-0.3,1,0,30.16916
C:\Users\Lenovo\Desktop\New folder\IMG\center_2019_07_18_12_24_30_377.jpg,C:\Users\Lenovo\Desktop\New folder\IMG\left_2019_07_18_12_24_30_377.jpg,C:\Users\Lenovo\Desktop\New folder\IMG\right_2019_07_18_12_24_30_377.jpg,-0.45,1,0,30.15141
C:\Users\Lenovo\Desktop\New folder\IMG\center_2019_07_18_12_24_30_447.jpg,C:\Users\Lenovo\Desktop\New folder\IMG\left_2019_07_18_12_24_30_447.jpg,C:\Users\Lenovo\Desktop\New folder\IMG\right_2019_07_18_12_24_30_447.jpg,-0.6500001,1,0,30.12703
C:\Users\Lenovo\Desktop\New folder\IMG\center_2019_07_18_12_24_30_517.jpg,C:\Users\Lenovo\Desktop\New folder\IMG\left_2019_07_18_12_24_30_517.jpg,C:\Users\Lenovo\Desktop\New folder\IMG\right_2019_07_18_12_24_30_517.jpg,-0.8000001,1,0,30.11009
C:\Users\Lenovo\Desktop\New folder\IMG\center_2019_07_18_12_24_30_587.jpg,C:\Users\Lenovo\Desktop\New folder\IMG\left_2019_07_18_12_24_30_587.jpg,C:\Users\Lenovo\Desktop\New folder\IMG\right_2019_07_18_12_24_30_587.jpg,0,1,0,30.1792
C:\Users\Lenovo\Desktop\New folder\IMG\center_2019_07_18_12_24_30_655.jpg,C:\Users\Lenovo\Desktop\New folder\IMG\left_2019_07_18_12_24_30_655.jpg,C:\Users\Lenovo\Desktop\New folder\IMG\right_2019_07_18_12_24_30_655.jpg,0,1,0,30.18685
C:\Users\Lenovo\Desktop\New folder\IMG\center_2019_07_18_12_24_30_725.jpg,C:\Users\Lenovo\Desktop\New folder\IMG\left_2019_07_18_12_24_30_725.jpg,C:\Users\Lenovo\Desktop\New folder\IMG\right_2019_07_18_12_24_30_725.jpg,0,1,0,30.18971
C:\Users\Lenovo\Desktop\New folder\IMG\center_2019_07_18_12_24_30_793.jpg,C:\Users\Lenovo\Desktop\New folder\IMG\left_2019_07_18_12_24_30_793.jpg,C:\Users\Lenovo\Desktop\New folder\IMG\right_2019_07_18_12_24_30_793.jpg,0,1,0,30.19019
C:\Users\Lenovo\Desktop\New folder\IMG\center_2019_07_18_12_24_30_861.jpg,C:\Users\Lenovo\Desktop\New folder\IMG\left_2019_07_18_12_24_30_861.jpg,C:\Users\Lenovo\Desktop\New folder\IMG\right_2019_07_18_12_24_30_861.jpg,0,1,0,30.1904
C:\Users\Lenovo\Desktop\New folder\IMG\center_2019_07_18_12_24_30_928.jpg,C:\Users\Lenovo\Desktop\New folder\IMG\left_2019_07_18_12_24_30_928.jpg,C:\Users\Lenovo\Desktop\New folder\IMG\right_2019_07_18_12_24_30_928.jpg,0,1,0,30.19034
C:\Users\Lenovo\Desktop\New folder\IMG\center_2019_07_18_12_24_30_996.jpg,C:\Users\Lenovo\Desktop\New folder\IMG\left_2019_07_18_12_24_30_996.jpg,C:\Users\Lenovo\Desktop\New folder\IMG\right_2019_07_18_12_24_30_996.jpg,0,1,0,30.19032
C:\Users\Lenovo\Desktop\New folder\IMG\center_2019_07_18_12_24_31_066.jpg,C:\Users\Lenovo\Desktop\New folder\IMG\left_2019_07_18_12_24_31_066.jpg,C:\Users\Lenovo\Desktop\New folder\IMG\right_2019_07_18_12_24_31_066.jpg,0,1,0,30.1903
C:\Users\Lenovo\Desktop\New folder\IMG\center_2019_07_18_12_24_31_134.jpg,C:\Users\Lenovo\Desktop\New folder\IMG\left_2019_07_18_12_24_31_134.jpg,C:\Users\Lenovo\Desktop\New folder\IMG\right_2019_07_18_12_24_31_134.jpg,0,1,0,30.1903
C:\Users\Lenovo\Desktop\New folder\IMG\center_2019_07_18_12_24_31_203.jpg,C:\Users\Lenovo\Desktop\New folder\IMG\left_2019_07_18_12_24_31_203.jpg,C:\Users\Lenovo\Desktop\New folder\IMG\right_2019_07_18_12_24_31_203.jpg,0.1,1,0,30.18772
C:\Users\Lenovo\Desktop\New folder\IMG\center_2019_07_18_12_24_31_271.jpg,C:\Users\Lenovo\Desktop\New folder\IMG\left_2019_07_18_12_24_31_271.jpg,C:\Users\Lenovo\Desktop\New folder\IMG\right_2019_07_18_12_24_31_271.jpg,0.25,1,0,30.17485
C:\Users\Lenovo\Desktop\New folder\IMG\center_2019_07_18_12_24_31_343.jpg,C:\Users\Lenovo\Desktop\New folder\IMG\left_2019_07_18_12_24_31_343.jpg,C:\Users\Lenovo\Desktop\New folder\IMG\right_2019_07_18_12_24_31_343.jpg,0,1,0,30.18992
C:\Users\Lenovo\Desktop\New folder\IMG\center_2019_07_18_12_24_31_412.jpg,C:\Users\Lenovo\Desktop\New folder\IMG\left_2019_07_18_12_24_31_412.jpg,C:\Users\Lenovo\Desktop\New folder\IMG\right_2019_07_18_12_24_31_412.jpg,0,1,0,30.18944
C:\Users\Lenovo\Desktop\New folder\IMG\center_2019_07_18_12_24_31_480.jpg,C:\Users\Lenovo\Desktop\New folder\IMG\left_2019_07_18_12_24_31_480.jpg,C:\Users\Lenovo\Desktop\New folder\IMG\right_2019_07_18_12_24_31_480.jpg,0,1,0,30.19012
C:\Users\Lenovo\Desktop\New folder\IMG\center_2019_07_18_12_24_31_549.jpg,C:\Users\Lenovo\Desktop\New folder\IMG\left_2019_07_18_12_24_31_549.jpg,C:\Users\Lenovo\Desktop\New folder\IMG\right_2019_07_18_12_24_31_549.jpg,0,1,0,30.19023
C:\Users\Lenovo\Desktop\New folder\IMG\center_2019_07_18_12_24_31_618.jpg,C:\Users\Lenovo\Desktop\New folder\IMG\left_2019_07_18_12_24_31_618.jpg,C:\Users\Lenovo\Desktop\New folder\IMG\right_2019_07_18_12_24_31_618.jpg,0,1,0,30.19029
C:\Users\Lenovo\Desktop\New folder\IMG\center_2019_07_18_12_24_31_687.jpg,C:\Users\Lenovo\Desktop\New folder\IMG\left_2019_07_18_12_24_31_687.jpg,C:\Users\Lenovo\Desktop\New folder\IMG\right_2019_07_18_12_24_31_687.jpg,0,1,0,30.19032
C:\Users\Lenovo\Desktop\New folder\IMG\center_2019_07_18_12_24_31_756.jpg,C:\Users\Lenovo\Desktop\New folder\IMG\left_2019_07_18_12_24_31_756.jpg,C:\Users\Lenovo\Desktop\New folder\IMG\right_2019_07_18_12_24_31_756.jpg,0,1,0,30.1903
C:\Users\Lenovo\Desktop\New folder\IMG\center_2019_07_18_12_24_31_825.jpg,C:\Users\Lenovo\Desktop\New folder\IMG\left_2019_07_18_12_24_31_825.jpg,C:\Users\Lenovo\Desktop\New folder\IMG\right_2019_07_18_12_24_31_825.jpg,0,1,0,30.19029
C:\Users\Lenovo\Desktop\New folder\IMG\center_2019_07_18_12_24_31_894.jpg,C:\Users\Lenovo\Desktop\New folder\IMG\left_2019_07_18_12_24_31_894.jpg,C:\Users\Lenovo\Desktop\New folder\IMG\right_2019_07_18_12_24_31_894.jpg,0,1,0,30.19029
C:\Users\Lenovo\Desktop\New folder\IMG\center_2019_07_18_12_24_31_963.jpg,C:\Users\Lenovo\Desktop\New folder\IMG\left_2019_07_18_12_24_31_963.jpg,C:\Users\Lenovo\Desktop\New folder\IMG\right_2019_07_18_12_24_31_963.jpg,0,1,0,30.19029
C:\Users\Lenovo\Desktop\New folder\IMG\center_2019_07_18_12_24_32_033.jpg,C:\Users\Lenovo\Desktop\New folder\IMG\left_2019_07_18_12_24_32_033.jpg,C:\Users\Lenovo\Desktop\New folder\IMG\right_2019_07_18_12_24_32_033.jpg,0,1,0,30.1903
C:\Users\Lenovo\Desktop\New folder\IMG\center_2019_07_18_12_24_32_104.jpg,C:\Users\Lenovo\Desktop\New folder\IMG\left_2019_07_18_12_24_32_104.jpg,C:\Users\Lenovo\Desktop\New folder\IMG\right_2019_07_18_12_24_32_104.jpg,0,1,0,30.19032
C:\Users\Lenovo\Desktop\New folder\IMG\center_2019_07_18_12_24_32_172.jpg,C:\Users\Lenovo\Desktop\New folder\IMG\left_2019_07_18_12_24_32_172.jpg,C:\Users\Lenovo\Desktop\New folder\IMG\right_2019_07_18_12_24_32_172.jpg,0,1,0,30.1903
C:\Users\Lenovo\Desktop\New folder\IMG\center_2019_07_18_12_24_32_240.jpg,C:\Users\Lenovo\Desktop\New folder\IMG\left_2019_07_18_12_24_32_240.jpg,C:\Users\Lenovo\Desktop\New folder\IMG\right_2019_07_18_12_24_32_240.jpg,0,1,0,30.19028
C:\Users\Lenovo\Desktop\New folder\IMG\center_2019_07_18_12_24_32_309.jpg,C:\Users\Lenovo\Desktop\New folder\IMG\left_2019_07_18_12_24_32_309.jpg,C:\Users\Lenovo\Desktop\New folder\IMG\right_2019_07_18_12_24_32_309.jpg,0,1,0,30.19029
C:\Users\Lenovo\Desktop\New folder\IMG\center_2019_07_18_12_24_32_378.jpg,C:\Users\Lenovo\Desktop\New folder\IMG\left_2019_07_18_12_24_32_378.jpg,C:\Users\Lenovo\Desktop\New folder\IMG\right_2019_07_18_12_24_32_378.jpg,0,1,0,30.19031
C:\Users\Lenovo\Desktop\New folder\IMG\center_2019_07_18_12_24_32_445.jpg,C:\Users\Lenovo\Desktop\New folder\IMG\left_2019_07_18_12_24_32_445.jpg,C:\Users\Lenovo\Desktop\New folder\IMG\right_2019_07_18_12_24_32_445.jpg,0,1,0,30.19029
C:\Users\Lenovo\Desktop\New folder\IMG\center_2019_07_18_12_24_32_515.jpg,C:\Users\Lenovo\Desktop\New folder\IMG\left_2019_07_18_12_24_32_515.jpg,C:\Users\Lenovo\Desktop\New folder\IMG\right_2019_07_18_12_24_32_515.jpg,0,1,0,30.19029
C:\Users\Lenovo\Desktop\New folder\IMG\center_2019_07_18_12_24_32_584.jpg,C:\Users\Lenovo\Desktop\New folder\IMG\left_2019_07_18_12_24_32_584.jpg,C:\Users\Lenovo\Desktop\New folder\IMG\right_2019_07_18_12_24_32_584.jpg,0,1,0,30.19031
C:\Users\Lenovo\Desktop\New folder\IMG\center_2019_07_18_12_24_32_652.jpg,C:\Users\Lenovo\Desktop\New folder\IMG\left_2019_07_18_12_24_32_652.jpg,C:\Users\Lenovo\Desktop\New folder\IMG\right_2019_07_18_12_24_32_652.jpg,0,1,0,30.1903
C:\Users\Lenovo\Desktop\New folder\IMG\center_2019_07_18_12_24_32_721.jpg,C:\Users\Lenovo\Desktop\New folder\IMG\left_2019_07_18_12_24_32_721.jpg,C:\Users\Lenovo\Desktop\New folder\IMG\right_2019_07_18_12_24_32_721.jpg,0,1,0,30.19029
C:\Users\Lenovo\Desktop\New folder\IMG\center_2019_07_18_12_24_32_788.jpg,C:\Users\Lenovo\Desktop\New folder\IMG\left_2019_07_18_12_24_32_788.jpg,C:\Users\Lenovo\Desktop\New folder\IMG\right_2019_07_18_12_24_32_788.jpg,0,1,0,30.19031
C:\Users\Lenovo\Desktop\New folder\IMG\center_2019_07_18_12_24_32_857.jpg,C:\Users\Lenovo\Desktop\New folder\IMG\left_2019_07_18_12_24_32_857.jpg,C:\Users\Lenovo\Desktop\New folder\IMG\right_2019_07_18_12_24_32_857.jpg,0,1,0,30.19032
C:\Users\Lenovo\Desktop\New folder\IMG\center_2019_07_18_12_24_32_926.jpg,C:\Users\Lenovo\Desktop\New folder\IMG\left_2019_07_18_12_24_32_926.jpg,C:\Users\Lenovo\Desktop\New folder\IMG\right_2019_07_18_12_24_32_926.jpg,0,1,0,30.19029
C:\Users\Lenovo\Desktop\New folder\IMG\center_2019_07_18_12_24_32_993.jpg,C:\Users\Lenovo\Desktop\New folder\IMG\left_2019_07_18_12_24_32_993.jpg,C:\Users\Lenovo\Desktop\New folder\IMG\right_2019_07_18_12_24_32_993.jpg,0,1,0,30.1903
C:\Users\Lenovo\Desktop\New folder\IMG\center_2019_07_18_12_24_33_061.jpg,C:\Users\Lenovo\Desktop\New folder\IMG\left_2019_07_18_12_24_33_061.jpg,C:\Users\Lenovo\Desktop\New folder\IMG\right_2019_07_18_12_24_33_061.jpg,0,1,0,30.19031
C:\Users\Lenovo\Desktop\New folder\IMG\center_2019_07_18_12_24_33_131.jpg,C:\Users\Lenovo\Desktop\New folder\IMG\left_2019_07_18_12_24_33_131.jpg,C:\Users\Lenovo\Desktop\New folder\IMG\right_2019_07_18_12_24_33_131.jpg,0,1,0,30.19029
C:\Users\Lenovo\Desktop\New folder\IMG\center_2019_07_18_12_24_33_199.jpg,C:\Users\Lenovo\Desktop\New folder\IMG\left_2019_07_18_12_24_33_199.jpg,C:\Users\Lenovo\Desktop\New folder\IMG\right_2019_07_18_12_24_33_199.jpg,-0.05,1,0,30.18971
C:\Users\Lenovo\Desktop\New folder\IMG\center_2019_07_18_12_24_33_268.jpg,C:\Users\Lenovo\Desktop\New folder\IMG\left_2019_07_18_12_24_33_268.jpg,C:\Users\Lenovo\Desktop\New folder\IMG\right_2019_07_18_12_24_33_268.jpg,-0.2,1,0,30.17985
C:\Users\Lenovo\Desktop\New folder\IMG\center_2019_07_18_12_24_33_335.jpg,C:\Users\Lenovo\Desktop\New folder\IMG\left_2019_07_18_12_24_33_335.jpg,C:\Users\Lenovo\Desktop\New folder\IMG\right_2019_07_18_12_24_33_335.jpg,-0.35,1,0,30.16363
C:\Users\Lenovo\Desktop\New folder\IMG\center_2019_07_18_12_24_33_406.jpg,C:\Users\Lenovo\Desktop\New folder\IMG\left_2019_07_18_12_24_33_406.jpg,C:\Users\Lenovo\Desktop\New folder\IMG\right_2019_07_18_12_24_33_406.jpg,-0.5500001,1,0,30.13929
C:\Users\Lenovo\Desktop\New folder\IMG\center_2019_07_18_12_24_33_473.jpg,C:\Users\Lenovo\Desktop\New folder\IMG\left_2019_07_18_12_24_33_473.jpg,C:\Users\Lenovo\Desktop\New folder\IMG\right_2019_07_18_12_24_33_473.jpg,0,1,0,30.17027
C:\Users\Lenovo\Desktop\New folder\IMG\center_2019_07_18_12_24_33_542.jpg,C:\Users\Lenovo\Desktop\New folder\IMG\left_2019_07_18_12_24_33_542.jpg,C:\Users\Lenovo\Desktop\New folder\IMG\right_2019_07_18_12_24_33_542.jpg,0,1,0,30.18615
C:\Users\Lenovo\Desktop\New folder\IMG\center_2019_07_18_12_24_33_611.jpg,C:\Users\Lenovo\Desktop\New folder\IMG\left_2019_07_18_12_24_33_611.jpg,C:\Users\Lenovo\Desktop\New folder\IMG\right_2019_07_18_12_24_33_611.jpg,0,1,0,30.18909
C:\Users\Lenovo\Desktop\New folder\IMG\center_2019_07_18_12_24_33_682.jpg,C:\Users\Lenovo\Desktop\New folder\IMG\left_2019_07_18_12_24_33_682.jpg,C:\Users\Lenovo\Desktop\New folder\IMG\right_2019_07_18_12_24_33_682.jpg,0,1,0,30.19011
C:\Users\Lenovo\Desktop\New folder\IMG\center_2019_07_18_12_24_33_752.jpg,C:\Users\Lenovo\Desktop\New folder\IMG\left_2019_07_18_12_24_33_752.jpg,C:\Users\Lenovo\Desktop\New folder\IMG\right_2019_07_18_12_24_33_752.jpg,0,1,0,30.19025
C:\Users\Lenovo\Desktop\New folder\IMG\center_2019_07_18_12_24_33_822.jpg,C:\Users\Lenovo\Desktop\New folder\IMG\left_2019_07_18_12_24_33_822.jpg,C:\Users\Lenovo\Desktop\New folder\IMG\right_2019_07_18_12_24_33_822.jpg,0,1,0,30.19029
C:\Users\Lenovo\Desktop\New folder\IMG\center_2019_07_18_12_24_33_892.jpg,C:\Users\Lenovo\Desktop\New folder\IMG\left_2019_07_18_12_24_33_892.jpg,C:\Users\Lenovo\Desktop\New folder\IMG\right_2019_07_18_12_24_33_892.jpg,0,1,0,30.19029
C:\Users\Lenovo\Desktop\New folder\IMG\center_2019_07_18_12_24_33_961.jpg,C:\Users\Lenovo\Desktop\New folder\IMG\left_2019_07_18_12_24_33_961.jpg,C:\Users\Lenovo\Desktop\New folder\IMG\right_2019_07_18_12_24_33_961.jpg,0,1,0,30.19031
C:\Users\Lenovo\Desktop\New folder\IMG\center_2019_07_18_12_24_34_031.jpg,C:\Users\Lenovo\Desktop\New folder\IMG\left_2019_07_18_12_24_34_031.jpg,C:\Users\Lenovo\Desktop\New folder\IMG\right_2019_07_18_12_24_34_031.jpg,0,1,0,30.19028
C:\Users\Lenovo\Desktop\New folder\IMG\center_2019_07_18_12_24_34_102.jpg,C:\Users\Lenovo\Desktop\New folder\IMG\left_2019_07_18_12_24_34_102.jpg,C:\Users\Lenovo\Desktop\New folder\IMG\right_2019_07_18_12_24_34_102.jpg,0,1,0,30.19137
C:\Users\Lenovo\Desktop\New folder\IMG\center_2019_07_18_12_24_34_171.jpg,C:\Users\Lenovo\Desktop\New folder\IMG\left_2019_07_18_12_24_34_171.jpg,C:\Users\Lenovo\Desktop\New folder\IMG\right_2019_07_18_12_24_34_171.jpg,0,1,0,30.18965
C:\Users\Lenovo\Desktop\New folder\IMG\center_2019_07_18_12_24_34_241.jpg,C:\Users\Lenovo\Desktop\New folder\IMG\left_2019_07_18_12_24_34_241.jpg,C:\Users\Lenovo\Desktop\New folder\IMG\right_2019_07_18_12_24_34_241.jpg,0.2,1,0,30.17972
C:\Users\Lenovo\Desktop\New folder\IMG\center_2019_07_18_12_24_34_311.jpg,C:\Users\Lenovo\Desktop\New folder\IMG\left_2019_07_18_12_24_34_311.jpg,C:\Users\Lenovo\Desktop\New folder\IMG\right_2019_07_18_12_24_34_311.jpg,0.35,1,0,30.16385
C:\Users\Lenovo\Desktop\New folder\IMG\center_2019_07_18_12_24_34_381.jpg,C:\Users\Lenovo\Desktop\New folder\IMG\left_2019_07_18_12_24_34_381.jpg,C:\Users\Lenovo\Desktop\New folder\IMG\right_2019_07_18_12_24_34_381.jpg,0,1,0,30.18867
C:\Users\Lenovo\Desktop\New folder\IMG\center_2019_07_18_12_24_34_447.jpg,C:\Users\Lenovo\Desktop\New folder\IMG\left_2019_07_18_12_24_34_447.jpg,C:\Users\Lenovo\Desktop\New folder\IMG\right_2019_07_18_12_24_34_447.jpg,0,1,0,30.18954
C:\Users\Lenovo\Desktop\New folder\IMG\center_2019_07_18_12_24_34_514.jpg,C:\Users\Lenovo\Desktop\New folder\IMG\left_2019_07_18_12_24_34_514.jpg,C:\Users\Lenovo\Desktop\New folder\IMG\right_2019_07_18_12_24_34_514.jpg,0.15,1,0,30.18646
C:\Users\Lenovo\Desktop\New folder\IMG\center_2019_07_18_12_24_34_585.jpg,C:\Users\Lenovo\Desktop\New folder\IMG\left_2019_07_18_12_24_34_585.jpg,C:\Users\Lenovo\Desktop\New folder\IMG\right_2019_07_18_12_24_34_585.jpg,0,1,0,30.18513
C:\Users\Lenovo\Desktop\New folder\IMG\center_2019_07_18_12_24_34_656.jpg,C:\Users\Lenovo\Desktop\New folder\IMG\left_2019_07_18_12_24_34_656.jpg,C:\Users\Lenovo\Desktop\New folder\IMG\right_2019_07_18_12_24_34_656.jpg,0,1,0,30.18952
C:\Users\Lenovo\Desktop\New folder\IMG\center_2019_07_18_12_24_34_726.jpg,C:\Users\Lenovo\Desktop\New folder\IMG\left_2019_07_18_12_24_34_726.jpg,C:\Users\Lenovo\Desktop\New folder\IMG\right_2019_07_18_12_24_34_726.jpg,0,1,0,30.19029
C:\Users\Lenovo\Desktop\New folder\IMG\center_2019_07_18_12_24_34_793.jpg,C:\Users\Lenovo\Desktop\New folder\IMG\left_2019_07_18_12_24_34_793.jpg,C:\Users\Lenovo\Desktop\New folder\IMG\right_2019_07_18_12_24_34_793.jpg,0.05,1,0,30.19019
C:\Users\Lenovo\Desktop\New folder\IMG\center_2019_07_18_12_24_34_863.jpg,C:\Users\Lenovo\Desktop\New folder\IMG\left_2019_07_18_12_24_34_863.jpg,C:\Users\Lenovo\Desktop\New folder\IMG\right_2019_07_18_12_24_34_863.jpg,0.25,1,0,30.17667
C:\Users\Lenovo\Desktop\New folder\IMG\center_2019_07_18_12_24_34_931.jpg,C:\Users\Lenovo\Desktop\New folder\IMG\left_2019_07_18_12_24_34_931.jpg,C:\Users\Lenovo\Desktop\New folder\IMG\right_2019_07_18_12_24_34_931.jpg,0.4,1,0,30.15973
C:\Users\Lenovo\Desktop\New folder\IMG\center_2019_07_18_12_24_34_999.jpg,C:\Users\Lenovo\Desktop\New folder\IMG\left_2019_07_18_12_24_34_999.jpg,C:\Users\Lenovo\Desktop\New folder\IMG\right_2019_07_18_12_24_34_999.jpg,0,1,0,30.18557
C:\Users\Lenovo\Desktop\New folder\IMG\center_2019_07_18_12_24_35_065.jpg,C:\Users\Lenovo\Desktop\New folder\IMG\left_2019_07_18_12_24_35_065.jpg,C:\Users\Lenovo\Desktop\New folder\IMG\right_2019_07_18_12_24_35_065.jpg,0,1,0,30.1899
C:\Users\Lenovo\Desktop\New folder\IMG\center_2019_07_18_12_24_35_132.jpg,C:\Users\Lenovo\Desktop\New folder\IMG\left_2019_07_18_12_24_35_132.jpg,C:\Users\Lenovo\Desktop\New folder\IMG\right_2019_07_18_12_24_35_132.jpg,0,1,0,30.18958
C:\Users\Lenovo\Desktop\New folder\IMG\center_2019_07_18_12_24_35_200.jpg,C:\Users\Lenovo\Desktop\New folder\IMG\left_2019_07_18_12_24_35_200.jpg,C:\Users\Lenovo\Desktop\New folder\IMG\right_2019_07_18_12_24_35_200.jpg,0,1,0,30.19035
C:\Users\Lenovo\Desktop\New folder\IMG\center_2019_07_18_12_24_35_267.jpg,C:\Users\Lenovo\Desktop\New folder\IMG\left_2019_07_18_12_24_35_267.jpg,C:\Users\Lenovo\Desktop\New folder\IMG\right_2019_07_18_12_24_35_267.jpg,0,1,0,30.19187
C:\Users\Lenovo\Desktop\New folder\IMG\center_2019_07_18_12_24_35_334.jpg,C:\Users\Lenovo\Desktop\New folder\IMG\left_2019_07_18_12_24_35_334.jpg,C:\Users\Lenovo\Desktop\New folder\IMG\right_2019_07_18_12_24_35_334.jpg,0,1,0,30.1899
C:\Users\Lenovo\Desktop\New folder\IMG\center_2019_07_18_12_24_35_402.jpg,C:\Users\Lenovo\Desktop\New folder\IMG\left_2019_07_18_12_24_35_402.jpg,C:\Users\Lenovo\Desktop\New folder\IMG\right_2019_07_18_12_24_35_402.jpg,-0.05,1,0,30.18957
C:\Users\Lenovo\Desktop\New folder\IMG\center_2019_07_18_12_24_35_470.jpg,C:\Users\Lenovo\Desktop\New folder\IMG\left_2019_07_18_12_24_35_470.jpg,C:\Users\Lenovo\Desktop\New folder\IMG\right_2019_07_18_12_24_35_470.jpg,-0.2,1,0,30.1795
C:\Users\Lenovo\Desktop\New folder\IMG\center_2019_07_18_12_24_35_537.jpg,C:\Users\Lenovo\Desktop\New folder\IMG\left_2019_07_18_12_24_35_537.jpg,C:\Users\Lenovo\Desktop\New folder\IMG\right_2019_07_18_12_24_35_537.jpg,-0.35,1,0,30.16321
C:\Users\Lenovo\Desktop\New folder\IMG\center_2019_07_18_12_24_35_605.jpg,C:\Users\Lenovo\Desktop\New folder\IMG\left_2019_07_18_12_24_35_605.jpg,C:\Users\Lenovo\Desktop\New folder\IMG\right_2019_07_18_12_24_35_605.jpg,0,1,0,30.17664
C:\Users\Lenovo\Desktop\New folder\IMG\center_2019_07_18_12_24_35_672.jpg,C:\Users\Lenovo\Desktop\New folder\IMG\left_2019_07_18_12_24_35_672.jpg,C:\Users\Lenovo\Desktop\New folder\IMG\right_2019_07_18_12_24_35_672.jpg,0,1,0,30.18735
C:\Users\Lenovo\Desktop\New folder\IMG\center_2019_07_18_12_24_35_738.jpg,C:\Users\Lenovo\Desktop\New folder\IMG\left_2019_07_18_12_24_35_738.jpg,C:\Users\Lenovo\Desktop\New folder\IMG\right_2019_07_18_12_24_35_738.jpg,0,1,0,30.18965
C:\Users\Lenovo\Desktop\New folder\IMG\center_2019_07_18_12_24_35_806.jpg,C:\Users\Lenovo\Desktop\New folder\IMG\left_2019_07_18_12_24_35_806.jpg,C:\Users\Lenovo\Desktop\New folder\IMG\right_2019_07_18_12_24_35_806.jpg,0,1,0,30.19012
C:\Users\Lenovo\Desktop\New folder\IMG\center_2019_07_18_12_24_35_875.jpg,C:\Users\Lenovo\Desktop\New folder\IMG\left_2019_07_18_12_24_35_875.jpg,C:\Users\Lenovo\Desktop\New folder\IMG\right_2019_07_18_12_24_35_875.jpg,0,0.858532,0,30.16649
C:\Users\Lenovo\Desktop\New folder\IMG\center_2019_07_18_12_24_35_942.jpg,C:\Users\Lenovo\Desktop\New folder\IMG\left_2019_07_18_12_24_35_942.jpg,C:\Users\Lenovo\Desktop\New folder\IMG\right_2019_07_18_12_24_35_942.jpg,0,0.6290109,0,30.10545
C:\Users\Lenovo\Desktop\New folder\IMG\center_2019_07_18_12_24_36_010.jpg,C:\Users\Lenovo\Desktop\New folder\IMG\left_2019_07_18_12_24_36_010.jpg,C:\Users\Lenovo\Desktop\New folder\IMG\right_2019_07_18_12_24_36_010.jpg,0,0.4392833,0,30.06042
C:\Users\Lenovo\Desktop\New folder\IMG\center_2019_07_18_12_24_36_077.jpg,C:\Users\Lenovo\Desktop\New folder\IMG\left_2019_07_18_12_24_36_077.jpg,C:\Users\Lenovo\Desktop\New folder\IMG\right_2019_07_18_12_24_36_077.jpg,0,0.2628498,0,30.01494
C:\Users\Lenovo\Desktop\New folder\IMG\center_2019_07_18_12_24_36_144.jpg,C:\Users\Lenovo\Desktop\New folder\IMG\left_2019_07_18_12_24_36_144.jpg,C:\Users\Lenovo\Desktop\New folder\IMG\right_2019_07_18_12_24_36_144.jpg,0,0.0243918,0,29.91139
C:\Users\Lenovo\Desktop\New folder\IMG\center_2019_07_18_12_24_36_215.jpg,C:\Users\Lenovo\Desktop\New folder\IMG\left_2019_07_18_12_24_36_215.jpg,C:\Users\Lenovo\Desktop\New folder\IMG\right_2019_07_18_12_24_36_215.jpg,0,0,0,29.73256
C:\Users\Lenovo\Desktop\New folder\IMG\center_2019_07_18_12_24_36_282.jpg,C:\Users\Lenovo\Desktop\New folder\IMG\left_2019_07_18_12_24_36_282.jpg,C:\Users\Lenovo\Desktop\New folder\IMG\right_2019_07_18_12_24_36_282.jpg,0,0,0,29.49346
C:\Users\Lenovo\Desktop\New folder\IMG\center_2019_07_18_12_24_36_352.jpg,C:\Users\Lenovo\Desktop\New folder\IMG\left_2019_07_18_12_24_36_352.jpg,C:\Users\Lenovo\Desktop\New folder\IMG\right_2019_07_18_12_24_36_352.jpg,0,0,0,29.31541
C:\Users\Lenovo\Desktop\New folder\IMG\center_2019_07_18_12_24_36_419.jpg,C:\Users\Lenovo\Desktop\New folder\IMG\left_2019_07_18_12_24_36_419.jpg,C:\Users\Lenovo\Desktop\New folder\IMG\right_2019_07_18_12_24_36_419.jpg,0,0,0,29.07967
C:\Users\Lenovo\Desktop\New folder\IMG\center_2019_07_18_12_24_36_487.jpg,C:\Users\Lenovo\Desktop\New folder\IMG\left_2019_07_18_12_24_36_487.jpg,C:\Users\Lenovo\Desktop\New folder\IMG\right_2019_07_18_12_24_36_487.jpg,0,0,0,28.90412
C:\Users\Lenovo\Desktop\New folder\IMG\center_2019_07_18_12_24_36_556.jpg,C:\Users\Lenovo\Desktop\New folder\IMG\left_2019_07_18_12_24_36_556.jpg,C:\Users\Lenovo\Desktop\New folder\IMG\right_2019_07_18_12_24_36_556.jpg,0,0,0,28.72962
C:\Users\Lenovo\Desktop\New folder\IMG\center_2019_07_18_12_24_36_624.jpg,C:\Users\Lenovo\Desktop\New folder\IMG\left_2019_07_18_12_24_36_624.jpg,C:\Users\Lenovo\Desktop\New folder\IMG\right_2019_07_18_12_24_36_624.jpg,0,0,0,28.49828
C:\Users\Lenovo\Desktop\New folder\IMG\center_2019_07_18_12_24_36_693.jpg,C:\Users\Lenovo\Desktop\New folder\IMG\left_2019_07_18_12_24_36_693.jpg,C:\Users\Lenovo\Desktop\New folder\IMG\right_2019_07_18_12_24_36_693.jpg,0,0,0,28.32566
C:\Users\Lenovo\Desktop\New folder\IMG\center_2019_07_18_12_24_36_763.jpg,C:\Users\Lenovo\Desktop\New folder\IMG\left_2019_07_18_12_24_36_763.jpg,C:\Users\Lenovo\Desktop\New folder\IMG\right_2019_07_18_12_24_36_763.jpg,0,0,0,28.09718
C:\Users\Lenovo\Desktop\New folder\IMG\center_2019_07_18_12_24_36_833.jpg,C:\Users\Lenovo\Desktop\New folder\IMG\left_2019_07_18_12_24_36_833.jpg,C:\Users\Lenovo\Desktop\New folder\IMG\right_2019_07_18_12_24_36_833.jpg,0,0,0,27.92698
C:\Users\Lenovo\Desktop\New folder\IMG\center_2019_07_18_12_24_36_903.jpg,C:\Users\Lenovo\Desktop\New folder\IMG\left_2019_07_18_12_24_36_903.jpg,C:\Users\Lenovo\Desktop\New folder\IMG\right_2019_07_18_12_24_36_903.jpg,0,0,0,27.70127
C:\Users\Lenovo\Desktop\New folder\IMG\center_2019_07_18_12_24_36_971.jpg,C:\Users\Lenovo\Desktop\New folder\IMG\left_2019_07_18_12_24_36_971.jpg,C:\Users\Lenovo\Desktop\New folder\IMG\right_2019_07_18_12_24_36_971.jpg,0,0,0,27.53314
C:\Users\Lenovo\Desktop\New folder\IMG\center_2019_07_18_12_24_37_040.jpg,C:\Users\Lenovo\Desktop\New folder\IMG\left_2019_07_18_12_24_37_040.jpg,C:\Users\Lenovo\Desktop\New folder\IMG\right_2019_07_18_12_24_37_040.jpg,0,0,0,27.31054
C:\Users\Lenovo\Desktop\New folder\IMG\center_2019_07_18_12_24_37_110.jpg,C:\Users\Lenovo\Desktop\New folder\IMG\left_2019_07_18_12_24_37_110.jpg,C:\Users\Lenovo\Desktop\New folder\IMG\right_2019_07_18_12_24_37_110.jpg,0,0,0,27.14476
C:\Users\Lenovo\Desktop\New folder\IMG\center_2019_07_18_12_24_37_182.jpg,C:\Users\Lenovo\Desktop\New folder\IMG\left_2019_07_18_12_24_37_182.jpg,C:\Users\Lenovo\Desktop\New folder\IMG\right_2019_07_18_12_24_37_182.jpg,0,0,0,26.92528
C:\Users\Lenovo\Desktop\New folder\IMG\center_2019_07_18_12_24_37_249.jpg,C:\Users\Lenovo\Desktop\New folder\IMG\left_2019_07_18_12_24_37_249.jpg,C:\Users\Lenovo\Desktop\New folder\IMG\right_2019_07_18_12_24_37_249.jpg,0,0,0,26.76183
C:\Users\Lenovo\Desktop\New folder\IMG\center_2019_07_18_12_24_37_317.jpg,C:\Users\Lenovo\Desktop\New folder\IMG\left_2019_07_18_12_24_37_317.jpg,C:\Users\Lenovo\Desktop\New folder\IMG\right_2019_07_18_12_24_37_317.jpg,0,0,0,26.59936
C:\Users\Lenovo\Desktop\New folder\IMG\center_2019_07_18_12_24_37_387.jpg,C:\Users\Lenovo\Desktop\New folder\IMG\left_2019_07_18_12_24_37_387.jpg,C:\Users\Lenovo\Desktop\New folder\IMG\right_2019_07_18_12_24_37_387.jpg,0,0,0,26.38426
C:\Users\Lenovo\Desktop\New folder\IMG\center_2019_07_18_12_24_37_456.jpg,C:\Users\Lenovo\Desktop\New folder\IMG\left_2019_07_18_12_24_37_456.jpg,C:\Users\Lenovo\Desktop\New folder\IMG\right_2019_07_18_12_24_37_456.jpg,0,0,0,26.22407
C:\Users\Lenovo\Desktop\New folder\IMG\center_2019_07_18_12_24_37_525.jpg,C:\Users\Lenovo\Desktop\New folder\IMG\left_2019_07_18_12_24_37_525.jpg,C:\Users\Lenovo\Desktop\New folder\IMG\right_2019_07_18_12_24_37_525.jpg,0,0,0,26.01199
C:\Users\Lenovo\Desktop\New folder\IMG\center_2019_07_18_12_24_37_596.jpg,C:\Users\Lenovo\Desktop\New folder\IMG\left_2019_07_18_12_24_37_596.jpg,C:\Users\Lenovo\Desktop\New folder\IMG\right_2019_07_18_12_24_37_596.jpg,0,0,0,25.854
C:\Users\Lenovo\Desktop\New folder\IMG\center_2019_07_18_12_24_37_666.jpg,C:\Users\Lenovo\Desktop\New folder\IMG\left_2019_07_18_12_24_37_666.jpg,C:\Users\Lenovo\Desktop\New folder\IMG\right_2019_07_18_12_24_37_666.jpg,0,0,0,25.6445
C:\Users\Lenovo\Desktop\New folder\IMG\center_2019_07_18_12_24_37_736.jpg,C:\Users\Lenovo\Desktop\New folder\IMG\left_2019_07_18_12_24_37_736.jpg,C:\Users\Lenovo\Desktop\New folder\IMG\right_2019_07_18_12_24_37_736.jpg,0,0,0,25.4885
C:\Users\Lenovo\Desktop\New folder\IMG\center_2019_07_18_12_24_37_804.jpg,C:\Users\Lenovo\Desktop\New folder\IMG\left_2019_07_18_12_24_37_804.jpg,C:\Users\Lenovo\Desktop\New folder\IMG\right_2019_07_18_12_24_37_804.jpg,0,0,0,25.28199
C:\Users\Lenovo\Desktop\New folder\IMG\center_2019_07_18_12_24_37_873.jpg,C:\Users\Lenovo\Desktop\New folder\IMG\left_2019_07_18_12_24_37_873.jpg,C:\Users\Lenovo\Desktop\New folder\IMG\right_2019_07_18_12_24_37_873.jpg,0,0,0,25.12803
C:\Users\Lenovo\Desktop\New folder\IMG\center_2019_07_18_12_24_37_942.jpg,C:\Users\Lenovo\Desktop\New folder\IMG\left_2019_07_18_12_24_37_942.jpg,C:\Users\Lenovo\Desktop\New folder\IMG\right_2019_07_18_12_24_37_942.jpg,0,0,0,24.92414
C:\Users\Lenovo\Desktop\New folder\IMG\center_2019_07_18_12_24_38_010.jpg,C:\Users\Lenovo\Desktop\New folder\IMG\left_2019_07_18_12_24_38_010.jpg,C:\Users\Lenovo\Desktop\New folder\IMG\right_2019_07_18_12_24_38_010.jpg,0,0,0,24.7723
C:\Users\Lenovo\Desktop\New folder\IMG\center_2019_07_18_12_24_38_078.jpg,C:\Users\Lenovo\Desktop\New folder\IMG\left_2019_07_18_12_24_38_078.jpg,C:\Users\Lenovo\Desktop\New folder\IMG\right_2019_07_18_12_24_38_078.jpg,0,0,0,24.56959
C:\Users\Lenovo\Desktop\New folder\IMG\center_2019_07_18_12_24_38_148.jpg,C:\Users\Lenovo\Desktop\New folder\IMG\left_2019_07_18_12_24_38_148.jpg,C:\Users\Lenovo\Desktop\New folder\IMG\right_2019_07_18_12_24_38_148.jpg,0,0,0,24.41871
C:\Users\Lenovo\Desktop\New folder\IMG\center_2019_07_18_12_24_38_216.jpg,C:\Users\Lenovo\Desktop\New folder\IMG\left_2019_07_18_12_24_38_216.jpg,C:\Users\Lenovo\Desktop\New folder\IMG\right_2019_07_18_12_24_38_216.jpg,0,0,0,24.26879
C:\Users\Lenovo\Desktop\New folder\IMG\center_2019_07_18_12_24_38_284.jpg,C:\Users\Lenovo\Desktop\New folder\IMG\left_2019_07_18_12_24_38_284.jpg,C:\Users\Lenovo\Desktop\New folder\IMG\right_2019_07_18_12_24_38_284.jpg,0,0,0,24.07024
C:\Users\Lenovo\Desktop\New folder\IMG\center_2019_07_18_12_24_38_351.jpg,C:\Users\Lenovo\Desktop\New folder\IMG\left_2019_07_18_12_24_38_351.jpg,C:\Users\Lenovo\Desktop\New folder\IMG\right_2019_07_18_12_24_38_351.jpg,0,0,0,23.9212
C:\Users\Lenovo\Desktop\New folder\IMG\center_2019_07_18_12_24_38_419.jpg,C:\Users\Lenovo\Desktop\New folder\IMG\left_2019_07_18_12_24_38_419.jpg,C:\Users\Lenovo\Desktop\New folder\IMG\right_2019_07_18_12_24_38_419.jpg,0,0,0,23.72396
C:\Users\Lenovo\Desktop\New folder\IMG\center_2019_07_18_12_24_38_489.jpg,C:\Users\Lenovo\Desktop\New folder\IMG\left_2019_07_18_12_24_38_489.jpg,C:\Users\Lenovo\Desktop\New folder\IMG\right_2019_07_18_12_24_38_489.jpg,0,0,0,23.57709
C:\Users\Lenovo\Desktop\New folder\IMG\center_2019_07_18_12_24_38_557.jpg,C:\Users\Lenovo\Desktop\New folder\IMG\left_2019_07_18_12_24_38_557.jpg,C:\Users\Lenovo\Desktop\New folder\IMG\right_2019_07_18_12_24_38_557.jpg,0,0,0,23.4311
C:\Users\Lenovo\Desktop\New folder\IMG\center_2019_07_18_12_24_38_710.jpg,C:\Users\Lenovo\Desktop\New folder\IMG\left_2019_07_18_12_24_38_710.jpg,C:\Users\Lenovo\Desktop\New folder\IMG\right_2019_07_18_12_24_38_710.jpg,0,0,0,21.12801
